[{"coor":[-20.47,14.26],"nextPoint":[1,231]},{"coor":[-16.47,14.24],"nextPoint":[0,2]},{"coor":[-13.64,14.24],"nextPoint":[3,158,1]},{"coor":[-11.39,14.23],"nextPoint":[2,4,16]},{"coor":[-11.42,16.1],"nextPoint":[3,5]},{"coor":[-11.48,18.1],"nextPoint":[6,15,4]},{"coor":[-14.74,18.07],"nextPoint":[5,7]},{"coor":[-17.63,18.04],"nextPoint":[6,8]},{"coor":[-17.66,20.08],"nextPoint":[7,9]},{"coor":[-17.7,23.36],"nextPoint":[10,8]},{"coor":[-17.76,26.63],"nextPoint":[9,11]},{"coor":[-15.9,26.64],"nextPoint":[10,12]},{"coor":[-13.58,26.66],"nextPoint":[13,11]},{"coor":[-11.72,26.66],"nextPoint":[12,14]},{"coor":[-11.66,24.26],"nextPoint":[13,15]},{"coor":[-11.54,20.72],"nextPoint":[5,14]},{"coor":[-9.38,14.24],"nextPoint":[3,17]},{"coor":[-7.32,14.23],"nextPoint":[18,16,28]},{"coor":[-7.33,18.1],"nextPoint":[17,19,27]},{"coor":[-8.87,18.1],"nextPoint":[18,20]},{"coor":[-8.89,19.73],"nextPoint":[19,21]},{"coor":[-8.91,22.16],"nextPoint":[20,22]},{"coor":[-8.92,25.01],"nextPoint":[23,21]},{"coor":[-8.91,27.06],"nextPoint":[24,22]},{"coor":[-7.35,27.09],"nextPoint":[23,25]},{"coor":[-7.34,24.92],"nextPoint":[24,26]},{"coor":[-7.35,22.11],"nextPoint":[25,27]},{"coor":[-7.34,19.64],"nextPoint":[18,26]},{"coor":[-5.45,14.25],"nextPoint":[17,29]},{"coor":[-3.42,14.24],"nextPoint":[28,30]},{"coor":[-1.33,14.25],"nextPoint":[31,29]},{"coor":[0.45,14.23],"nextPoint":[32,30,47]},{"coor":[3.26,14.24],"nextPoint":[31,33]},{"coor":[6.35,14.22],"nextPoint":[32,34]},{"coor":[8.35,14.22],"nextPoint":[35,33]},{"coor":[10.05,14.22],"nextPoint":[36,48,34]},{"coor":[10.09,17.55],"nextPoint":[35,37]},{"coor":[10.13,20.99],"nextPoint":[38,36]},{"coor":[10.16,23.69],"nextPoint":[37,39]},{"coor":[8.32,23.72],"nextPoint":[38,40]},{"coor":[6.38,23.74],"nextPoint":[41,39]},{"coor":[4.74,23.79],"nextPoint":[42,40]},{"coor":[2.9,23.82],"nextPoint":[43,41]},{"coor":[0.4,23.85],"nextPoint":[42,44]},{"coor":[0.42,21.33],"nextPoint":[43,45]},{"coor":[0.44,19.14],"nextPoint":[44,46]},{"coor":[0.45,17.39],"nextPoint":[47,45]},{"coor":[0.44,15.83],"nextPoint":[31,46]},{"coor":[12.43,14.2],"nextPoint":[49,35]},{"coor":[14.67,14.19],"nextPoint":[48,50,58]},{"coor":[16.71,14.2],"nextPoint":[49,51]},{"coor":[18.52,14.2],"nextPoint":[52,50]},{"coor":[21.64,14.21],"nextPoint":[51,53]},{"coor":[21.65,16.45],"nextPoint":[52,54]},{"coor":[21.66,18.22],"nextPoint":[53,55]},{"coor":[21.67,20.34],"nextPoint":[56,54]},{"coor":[21.67,23.07],"nextPoint":[57,55]},{"coor":[21.67,25.72],"nextPoint":[56]},{"coor":[14.68,11.77],"nextPoint":[49,59]},{"coor":[14.69,8.13],"nextPoint":[60,58,230]},{"coor":[14.69,5.92],"nextPoint":[59,61,62]},{"coor":[11.05,5.92],"nextPoint":[60]},{"coor":[14.67,4.41],"nextPoint":[63,60]},{"coor":[14.69,2.89],"nextPoint":[64,65,62]},{"coor":[11.05,2.83],"nextPoint":[63]},{"coor":[14.68,1.33],"nextPoint":[66,63]},{"coor":[14.69,-0.65],"nextPoint":[67,68,65]},{"coor":[11.16,-0.7],"nextPoint":[66]},{"coor":[14.69,-2.34],"nextPoint":[69,66]},{"coor":[14.69,-4.07],"nextPoint":[70,71,68]},{"coor":[11.49,-4.07],"nextPoint":[69]},{"coor":[14.69,-6.65],"nextPoint":[69,72]},{"coor":[14.67,-9.43],"nextPoint":[73,71]},{"coor":[14.67,-11.42],"nextPoint":[74,72,221]},{"coor":[14.29,-11.42],"nextPoint":[73,75,192]},{"coor":[13.12,-11.42],"nextPoint":[76,74]},{"coor":[11.71,-11.42],"nextPoint":[77,75,188]},{"coor":[9.77,-11.4],"nextPoint":[78,76]},{"coor":[7.92,-11.42],"nextPoint":[79,77,94]},{"coor":[7.91,-13.92],"nextPoint":[78,80,90]},{"coor":[7.91,-16.07],"nextPoint":[79,81,91]},{"coor":[7.91,-18.63],"nextPoint":[82,80,92]},{"coor":[7.9,-21.79],"nextPoint":[83,81,93]},{"coor":[7.9,-24.79],"nextPoint":[82,84]},{"coor":[5.83,-24.8],"nextPoint":[83,85]},{"coor":[3.78,-24.8],"nextPoint":[86,84]},{"coor":[3.77,-21.8],"nextPoint":[85,87,93]},{"coor":[3.76,-18.62],"nextPoint":[86,88,92]},{"coor":[3.75,-16.05],"nextPoint":[89,87,91]},{"coor":[3.75,-13.86],"nextPoint":[88,90]},{"coor":[5.93,-13.89],"nextPoint":[89,79]},{"coor":[5.95,-16.07],"nextPoint":[88,80]},{"coor":[5.89,-18.63],"nextPoint":[87,81]},{"coor":[5.82,-21.79],"nextPoint":[86,82]},{"coor":[5.76,-11.4],"nextPoint":[78,95]},{"coor":[2.8,-11.41],"nextPoint":[96,94]},{"coor":[0.37,-11.42],"nextPoint":[97,95]},{"coor":[-2.33,-11.44],"nextPoint":[98,96]},{"coor":[-4.78,-11.45],"nextPoint":[99,97,119]},{"coor":[-4.75,-13.82],"nextPoint":[98,100,110]},{"coor":[-4.72,-16.18],"nextPoint":[99,101,111,114]},{"coor":[-4.7,-18.68],"nextPoint":[100,102,112]},{"coor":[-4.67,-21.84],"nextPoint":[103,101,113]},{"coor":[-4.65,-24.55],"nextPoint":[102,104]},{"coor":[-1.37,-24.54],"nextPoint":[103,105,113]},{"coor":[1.99,-24.54],"nextPoint":[106,104]},{"coor":[2.01,-21.79],"nextPoint":[105,107,113]},{"coor":[2.01,-18.58],"nextPoint":[106,108,112]},{"coor":[2.02,-16.13],"nextPoint":[109,107,111]},{"coor":[2.02,-13.8],"nextPoint":[108,110]},{"coor":[-1.45,-13.82],"nextPoint":[109,99,111]},{"coor":[-1.5,-16.16],"nextPoint":[100,108,112,110]},{"coor":[-1.43,-18.63],"nextPoint":[101,107,113,111]},{"coor":[-1.44,-21.81],"nextPoint":[102,106,104,112]},{"coor":[-6.54,-16.19],"nextPoint":[100,115]},{"coor":[-8.09,-16.2],"nextPoint":[116,117,118,114]},{"coor":[-8.09,-18.52],"nextPoint":[115]},{"coor":[-9.78,-16.2],"nextPoint":[115]},{"coor":[-8.08,-13.79],"nextPoint":[115]},{"coor":[-7.11,-11.46],"nextPoint":[98,120]},{"coor":[-9.42,-11.47],"nextPoint":[119,121]},{"coor":[-11.73,-11.49],"nextPoint":[120,122]},{"coor":[-13.66,-11.5],"nextPoint":[123,121]},{"coor":[-15.49,-11.48],"nextPoint":[124,122,166]},{"coor":[-18.73,-11.49],"nextPoint":[123,125,138]},{"coor":[-18.73,-13.55],"nextPoint":[124,126]},{"coor":[-18.72,-15.38],"nextPoint":[127,137,125]},{"coor":[-18.71,-17.52],"nextPoint":[128,126]},{"coor":[-18.7,-19.72],"nextPoint":[127,129,131]},{"coor":[-18.69,-22.45],"nextPoint":[130,128]},{"coor":[-18.69,-24.63],"nextPoint":[129]},{"coor":[-20.98,-19.71],"nextPoint":[128,132]},{"coor":[-23.18,-19.7],"nextPoint":[133,131]},{"coor":[-25.11,-19.7],"nextPoint":[132,134]},{"coor":[-25.15,-17.38],"nextPoint":[133,135]},{"coor":[-25.19,-15.37],"nextPoint":[134,136]},{"coor":[-22.72,-15.37],"nextPoint":[135,137]},{"coor":[-20.52,-15.36],"nextPoint":[126,136]},{"coor":[-18.75,-9.27],"nextPoint":[124,139]},{"coor":[-18.73,-7.24],"nextPoint":[138,140,143]},{"coor":[-16.24,-7.24],"nextPoint":[139,141]},{"coor":[-13.89,-7.26],"nextPoint":[142,140]},{"coor":[-10.82,-7.25],"nextPoint":[141]},{"coor":[-18.75,-4.88],"nextPoint":[144,139]},{"coor":[-18.75,-2.55],"nextPoint":[143,145,162]},{"coor":[-18.76,-0.41],"nextPoint":[144,146]},{"coor":[-18.78,1.83],"nextPoint":[147,145]},{"coor":[-18.79,4.22],"nextPoint":[146,148]},{"coor":[-21.11,4.18],"nextPoint":[147,149]},{"coor":[-23.3,4.15],"nextPoint":[150,159,148]},{"coor":[-24.07,4.15],"nextPoint":[149,151]},{"coor":[-24.11,6.07],"nextPoint":[150,152]},{"coor":[-24.14,8.27],"nextPoint":[151,153]},{"coor":[-22.61,8.27],"nextPoint":[152,154]},{"coor":[-21.11,8.26],"nextPoint":[153,155]},{"coor":[-19.22,8.25],"nextPoint":[154,156]},{"coor":[-16.87,8.26],"nextPoint":[157,155]},{"coor":[-13.58,8.27],"nextPoint":[156,158]},{"coor":[-13.62,11.03],"nextPoint":[157,2]},{"coor":[-23.33,1.37],"nextPoint":[149,160]},{"coor":[-23.35,-0.71],"nextPoint":[161,159]},{"coor":[-23.36,-2.47],"nextPoint":[162,163,160]},{"coor":[-20.79,-2.53],"nextPoint":[144,161]},{"coor":[-23.4,-4.49],"nextPoint":[161,164]},{"coor":[-23.43,-6.69],"nextPoint":[165,163]},{"coor":[-23.45,-8.45],"nextPoint":[164]},{"coor":[-15.45,-13.66],"nextPoint":[123,167]},{"coor":[-15.42,-16.2],"nextPoint":[166,168]},{"coor":[-15.41,-18.29],"nextPoint":[167,169]},{"coor":[-15.38,-20.48],"nextPoint":[170,168]},{"coor":[-15.34,-22.93],"nextPoint":[171,169,172]},{"coor":[-15.32,-24.63],"nextPoint":[170]},{"coor":[-13.61,-22.96],"nextPoint":[170,173]},{"coor":[-11.64,-22.97],"nextPoint":[174,172]},{"coor":[-11.15,-22.97],"nextPoint":[173,175]},{"coor":[-11.15,-22.29],"nextPoint":[174,176,182]},{"coor":[-9.62,-22.29],"nextPoint":[175,177,181]},{"coor":[-7.06,-22.28],"nextPoint":[176,178]},{"coor":[-7.07,-23.68],"nextPoint":[177,179]},{"coor":[-7.07,-25.3],"nextPoint":[180,178]},{"coor":[-9.61,-25.29],"nextPoint":[179,181]},{"coor":[-9.61,-23.77],"nextPoint":[180,176]},{"coor":[-11.16,-20.87],"nextPoint":[183,175,184]},{"coor":[-11.18,-15.34],"nextPoint":[182]},{"coor":[-9.52,-20.88],"nextPoint":[182,185,187]},{"coor":[-6.87,-20.89],"nextPoint":[186,184]},{"coor":[-6.9,-19.74],"nextPoint":[185,187]},{"coor":[-9.54,-19.76],"nextPoint":[186,184]},{"coor":[11.73,-13.41],"nextPoint":[76,189]},{"coor":[11.77,-16.06],"nextPoint":[188,190]},{"coor":[10.73,-16.08],"nextPoint":[189,191]},{"coor":[9.69,-16.09],"nextPoint":[190]},{"coor":[14.24,-13.35],"nextPoint":[74,193]},{"coor":[14.22,-14.83],"nextPoint":[194,192]},{"coor":[16.43,-14.81],"nextPoint":[193,195]},{"coor":[16.41,-16.37],"nextPoint":[194,196,217]},{"coor":[16.39,-18.22],"nextPoint":[195,197,212]},{"coor":[14.1,-18.25],"nextPoint":[196,198]},{"coor":[11.98,-18.27],"nextPoint":[199,197]},{"coor":[10.2,-18.28],"nextPoint":[198,200]},{"coor":[10.18,-19.87],"nextPoint":[199,201]},{"coor":[10.15,-22.06],"nextPoint":[202,200]},{"coor":[10.12,-24.13],"nextPoint":[201,203]},{"coor":[12.19,-24.11],"nextPoint":[202,204]},{"coor":[14.36,-24.08],"nextPoint":[205,203]},{"coor":[16.32,-24.06],"nextPoint":[206,204]},{"coor":[16.35,-22.04],"nextPoint":[205,207,213]},{"coor":[16.37,-20.51],"nextPoint":[206,208,212]},{"coor":[17.74,-20.53],"nextPoint":[207,209]},{"coor":[19.36,-20.56],"nextPoint":[210,208]},{"coor":[19.37,-18.91],"nextPoint":[209,211]},{"coor":[19.39,-17.62],"nextPoint":[210]},{"coor":[16.36,-19.38],"nextPoint":[196,207]},{"coor":[18.03,-22.04],"nextPoint":[206,214]},{"coor":[19.4,-22.03],"nextPoint":[213,215]},{"coor":[19.39,-23.61],"nextPoint":[214,216]},{"coor":[19.39,-25.1],"nextPoint":[215]},{"coor":[17.82,-16.41],"nextPoint":[195,218]},{"coor":[19.38,-16.43],"nextPoint":[217,219]},{"coor":[19.41,-15.21],"nextPoint":[218,220]},{"coor":[19.42,-13.77],"nextPoint":[219]},{"coor":[16.09,-11.42],"nextPoint":[73,222]},{"coor":[17.28,-11.42],"nextPoint":[223,221]},{"coor":[19.93,-11.41],"nextPoint":[224,222]},{"coor":[19.95,-8.47],"nextPoint":[223,225]},{"coor":[19.98,-5.04],"nextPoint":[226,224]},{"coor":[19.98,-1.5],"nextPoint":[227,225]},{"coor":[20.02,1.62],"nextPoint":[228,226]},{"coor":[20.03,5.71],"nextPoint":[229,227]},{"coor":[20.04,8.24],"nextPoint":[230,228]},{"coor":[17.31,8.2],"nextPoint":[59,229]},{"coor":[-20.51,16.6],"nextPoint":[0,232]},{"coor":[-20.54,19.84],"nextPoint":[233,231]},{"coor":[-20.6,23.27],"nextPoint":[234,232]},{"coor":[-23.18,23.26],"nextPoint":[233]}]