[{"coor":[-15.5,-11.7],"nextPoint":[1,20]},{"coor":[-15.51,-10.02],"nextPoint":[0,2,25]},{"coor":[-15.58,4.46],"nextPoint":[3,126,1]},{"coor":[-15.63,13.58],"nextPoint":[2,4,104,111]},{"coor":[-6.64,13.59],"nextPoint":[3,5,98]},{"coor":[-5.07,13.59],"nextPoint":[6,90,4]},{"coor":[3.74,13.6],"nextPoint":[7,84,5]},{"coor":[4.27,13.61],"nextPoint":[8,6,57]},{"coor":[6.47,13.61],"nextPoint":[9,7,80]},{"coor":[14.5,13.62],"nextPoint":[10,76,8,78]},{"coor":[14.53,6.35],"nextPoint":[9,11,75,71]},{"coor":[14.54,3.05],"nextPoint":[12,74,10]},{"coor":[14.55,-0.61],"nextPoint":[13,73,11]},{"coor":[14.55,-3.95],"nextPoint":[14,72,12]},{"coor":[14.58,-11.78],"nextPoint":[15,58,13]},{"coor":[9.48,-11.76],"nextPoint":[16,14,39]},{"coor":[4.34,-11.76],"nextPoint":[17,15,55]},{"coor":[0.17,-11.75],"nextPoint":[18,16,37]},{"coor":[-3.42,-11.74],"nextPoint":[19,53,17]},{"coor":[-12.17,-11.71],"nextPoint":[18,20]},{"coor":[-13.97,-11.7],"nextPoint":[0,19,21]},{"coor":[-14,-18.82],"nextPoint":[20,22,32,48]},{"coor":[-17.21,-18.83],"nextPoint":[21,23,30]},{"coor":[-21.17,-18.85],"nextPoint":[24,22]},{"coor":[-21.15,-15.49],"nextPoint":[23,25,28]},{"coor":[-21.11,-10.08],"nextPoint":[1,26,24]},{"coor":[-25.34,-10.11],"nextPoint":[27,25]},{"coor":[-25.3,-13.25],"nextPoint":[26]},{"coor":[-25.31,-15.52],"nextPoint":[24,29]},{"coor":[-25.28,-19.34],"nextPoint":[28]},{"coor":[-17.27,-23.85],"nextPoint":[22,31]},{"coor":[-21,-23.85],"nextPoint":[30]},{"coor":[-10.33,-18.81],"nextPoint":[21,33,47]},{"coor":[-6.97,-18.8],"nextPoint":[34,46,32]},{"coor":[-3.88,-18.8],"nextPoint":[33,35,44]},{"coor":[-0.7,-18.8],"nextPoint":[36,34,42]},{"coor":[0.11,-18.79],"nextPoint":[35,37]},{"coor":[0.12,-18.08],"nextPoint":[36,17,38]},{"coor":[3.61,-18.07],"nextPoint":[37,39,51]},{"coor":[9.51,-18.04],"nextPoint":[38,40,15]},{"coor":[9.5,-20.52],"nextPoint":[39,41,50]},{"coor":[9.48,-24.25],"nextPoint":[42,40,49]},{"coor":[-0.73,-24.25],"nextPoint":[35,43,41]},{"coor":[-0.73,-24.97],"nextPoint":[44,42]},{"coor":[-3.9,-24.96],"nextPoint":[45,34,43]},{"coor":[-3.91,-25.18],"nextPoint":[46,44]},{"coor":[-7,-25.2],"nextPoint":[45,33,47]},{"coor":[-10.41,-25.22],"nextPoint":[48,46,32]},{"coor":[-14.09,-25.24],"nextPoint":[47,21]},{"coor":[14.31,-24.19],"nextPoint":[41]},{"coor":[13.04,-20.5],"nextPoint":[40]},{"coor":[3.62,-21.25],"nextPoint":[38,52]},{"coor":[6.52,-21.32],"nextPoint":[51]},{"coor":[-3.4,-15.46],"nextPoint":[18,54]},{"coor":[-7.09,-15.46],"nextPoint":[53]},{"coor":[4.34,-7.2],"nextPoint":[16,56]},{"coor":[4.34,-1.21],"nextPoint":[55,57]},{"coor":[4.32,6.41],"nextPoint":[7,56]},{"coor":[19.13,-11.78],"nextPoint":[14,59,63]},{"coor":[19.13,-19.76],"nextPoint":[58,60]},{"coor":[20.1,-19.71],"nextPoint":[59,61]},{"coor":[20.11,-23.37],"nextPoint":[60,62]},{"coor":[16.43,-23.35],"nextPoint":[61]},{"coor":[21.17,-11.77],"nextPoint":[58,64,68]},{"coor":[22.11,-11.77],"nextPoint":[65,66,63]},{"coor":[25.54,-11.76],"nextPoint":[64]},{"coor":[22.07,-18.69],"nextPoint":[64,67]},{"coor":[24.92,-18.69],"nextPoint":[66]},{"coor":[21.17,-8.04],"nextPoint":[63,69]},{"coor":[21.17,-4.26],"nextPoint":[70,68]},{"coor":[21.17,1.27],"nextPoint":[71,69]},{"coor":[21.17,6.4],"nextPoint":[10,70]},{"coor":[9.6,-3.98],"nextPoint":[13]},{"coor":[9.6,-0.59],"nextPoint":[12]},{"coor":[9.43,2.98],"nextPoint":[11]},{"coor":[9.47,6.29],"nextPoint":[10]},{"coor":[22.59,13.67],"nextPoint":[9,77]},{"coor":[22.5,10.3],"nextPoint":[76]},{"coor":[14.46,18.86],"nextPoint":[9,79,82]},{"coor":[14.42,24.22],"nextPoint":[80,81,78]},{"coor":[6.3,24.19],"nextPoint":[79,8]},{"coor":[20.29,24.23],"nextPoint":[79,82]},{"coor":[20.3,18.87],"nextPoint":[81,83,78]},{"coor":[25.02,18.83],"nextPoint":[82]},{"coor":[3.75,16.26],"nextPoint":[6,85,87]},{"coor":[3.76,26.08],"nextPoint":[86,84]},{"coor":[0.27,25.95],"nextPoint":[85]},{"coor":[0.17,16.24],"nextPoint":[88,84]},{"coor":[0.12,22.97],"nextPoint":[89,87]},{"coor":[3.64,22.93],"nextPoint":[88]},{"coor":[-5.08,16.12],"nextPoint":[5,91,97]},{"coor":[-5.09,22.9],"nextPoint":[92,96,90]},{"coor":[-5.08,24.67],"nextPoint":[93,95,91]},{"coor":[-5.08,26.96],"nextPoint":[94,92]},{"coor":[-1.55,26.94],"nextPoint":[93,95]},{"coor":[-1.53,24.7],"nextPoint":[94,92]},{"coor":[-1.53,22.82],"nextPoint":[91,97]},{"coor":[-1.51,16.19],"nextPoint":[96,90]},{"coor":[-6.62,16.17],"nextPoint":[4,99,103]},{"coor":[-6.59,22.91],"nextPoint":[100,102,98]},{"coor":[-6.58,26.69],"nextPoint":[101,99]},{"coor":[-10.36,26.73],"nextPoint":[100]},{"coor":[-10.33,22.95],"nextPoint":[99,103]},{"coor":[-10.31,16.19],"nextPoint":[102,98]},{"coor":[-15.63,16.23],"nextPoint":[3,105,110]},{"coor":[-15.64,22.81],"nextPoint":[106,109,104]},{"coor":[-15.64,24.8],"nextPoint":[107,105]},{"coor":[-13.22,24.77],"nextPoint":[106,108]},{"coor":[-13.22,26.7],"nextPoint":[107]},{"coor":[-11.89,22.79],"nextPoint":[105,110]},{"coor":[-11.85,16.21],"nextPoint":[109,104]},{"coor":[-23.27,13.6],"nextPoint":[3,112,113]},{"coor":[-26.76,13.61],"nextPoint":[111]},{"coor":[-23.25,16.16],"nextPoint":[111,114]},{"coor":[-21.25,16.17],"nextPoint":[113,115,116]},{"coor":[-17.11,16.12],"nextPoint":[114]},{"coor":[-21.27,18.71],"nextPoint":[114,117,124]},{"coor":[-21.29,19.77],"nextPoint":[118,122,116]},{"coor":[-21.32,22.17],"nextPoint":[119,121,117]},{"coor":[-21.38,26.93],"nextPoint":[120,118]},{"coor":[-17.66,26.83],"nextPoint":[119]},{"coor":[-17.07,22.19],"nextPoint":[118]},{"coor":[-25.17,19.68],"nextPoint":[117,123]},{"coor":[-25.19,21.88],"nextPoint":[122]},{"coor":[-19.33,18.7],"nextPoint":[125,116]},{"coor":[-17.02,18.7],"nextPoint":[124]},{"coor":[-19.65,4.41],"nextPoint":[2,127,132]},{"coor":[-19.71,9.47],"nextPoint":[126,128]},{"coor":[-22.75,9.48],"nextPoint":[127,129,130]},{"coor":[-26.48,9.5],"nextPoint":[128]},{"coor":[-22.69,3.94],"nextPoint":[128,131]},{"coor":[-25.44,3.91],"nextPoint":[130]},{"coor":[-19.62,-1.24],"nextPoint":[126,133]},{"coor":[-23.38,-1.27],"nextPoint":[132,134,135]},{"coor":[-26.13,-1.29],"nextPoint":[133]},{"coor":[-23.28,-7.12],"nextPoint":[133,136]},{"coor":[-25.59,-7.12],"nextPoint":[135]}]