[{"coor":[-13.89,-11.32],"nextPoint":[1,20,61]},{"coor":[-13.83,-13.96],"nextPoint":[0,2]},{"coor":[-20.4,-13.83],"nextPoint":[3,116,53,1]},{"coor":[-26.35,-13.88],"nextPoint":[2,4]},{"coor":[-26.37,-10.25],"nextPoint":[3,5,116]},{"coor":[-26.39,-5.05],"nextPoint":[6,10,4]},{"coor":[-20.41,-5.01],"nextPoint":[5,7,116]},{"coor":[-20.41,0.48],"nextPoint":[8,6,10]},{"coor":[-20.4,6.3],"nextPoint":[9,115,7,114]},{"coor":[-26.45,6.34],"nextPoint":[8,10,11]},{"coor":[-26.41,0.31],"nextPoint":[9,5,7]},{"coor":[-26.46,11.11],"nextPoint":[12,9,114]},{"coor":[-26.49,15.83],"nextPoint":[13,11]},{"coor":[-20.39,16.03],"nextPoint":[14,104,12,114]},{"coor":[-14.26,16.1],"nextPoint":[15,13]},{"coor":[-14.15,13.61],"nextPoint":[14,16,22]},{"coor":[-14.1,9.74],"nextPoint":[15,17,18]},{"coor":[-10.53,9.59],"nextPoint":[16]},{"coor":[-14.07,4.9],"nextPoint":[16,19]},{"coor":[-13.99,-1.78],"nextPoint":[20,18]},{"coor":[-13.95,-7.38],"nextPoint":[0,21,19]},{"coor":[-10.71,-7.48],"nextPoint":[20]},{"coor":[-9.71,13.6],"nextPoint":[15,23]},{"coor":[-5.64,13.63],"nextPoint":[24,22,38]},{"coor":[-5.6,15.36],"nextPoint":[25,23]},{"coor":[-5.68,21.1],"nextPoint":[26,98,24,103]},{"coor":[0.77,21.05],"nextPoint":[27,25,96,97]},{"coor":[5.3,21.02],"nextPoint":[28,95,26]},{"coor":[10.81,21.28],"nextPoint":[29,89,92,27]},{"coor":[20.38,21.28],"nextPoint":[30,86,28]},{"coor":[25.4,21.01],"nextPoint":[31,29]},{"coor":[25.35,16.06],"nextPoint":[32,30,68]},{"coor":[19.24,15.99],"nextPoint":[33,31,64]},{"coor":[16.63,15.96],"nextPoint":[34,63,32]},{"coor":[12.87,15.99],"nextPoint":[35,62,33]},{"coor":[12.95,13.75],"nextPoint":[34,36,39]},{"coor":[9.1,13.68],"nextPoint":[35,37]},{"coor":[5.87,13.67],"nextPoint":[38,36]},{"coor":[0.81,13.64],"nextPoint":[23,37]},{"coor":[12.95,7.21],"nextPoint":[35,40]},{"coor":[12.96,-0.29],"nextPoint":[41,39]},{"coor":[12.95,-6.59],"nextPoint":[42,40]},{"coor":[12.95,-11.37],"nextPoint":[43,41]},{"coor":[8.18,-11.37],"nextPoint":[42,44]},{"coor":[2.27,-11.36],"nextPoint":[45,43]},{"coor":[-3.5,-11.33],"nextPoint":[46,61,44]},{"coor":[-3.53,-14.45],"nextPoint":[47,45,60]},{"coor":[-3.56,-18.26],"nextPoint":[48,57,46,58]},{"coor":[-7.8,-18.31],"nextPoint":[49,47]},{"coor":[-7.8,-24.46],"nextPoint":[50,48]},{"coor":[-13.44,-24.46],"nextPoint":[49,51]},{"coor":[-13.46,-20.55],"nextPoint":[52,50]},{"coor":[-13.48,-16.69],"nextPoint":[53,51]},{"coor":[-20.4,-16.59],"nextPoint":[54,2,52]},{"coor":[-20.41,-19.56],"nextPoint":[55,56,53]},{"coor":[-20.41,-25.14],"nextPoint":[54]},{"coor":[-25.98,-19.41],"nextPoint":[54]},{"coor":[-0.07,-18.22],"nextPoint":[47]},{"coor":[-3.54,-23.32],"nextPoint":[47,59]},{"coor":[3.44,-23.28],"nextPoint":[58]},{"coor":[0.03,-14.44],"nextPoint":[46]},{"coor":[-8.8,-11.33],"nextPoint":[0,45]},{"coor":[12.74,19.32],"nextPoint":[34]},{"coor":[16.58,19.7],"nextPoint":[33]},{"coor":[19.27,11.13],"nextPoint":[32,65,68]},{"coor":[19.32,5.86],"nextPoint":[66,67,64,70]},{"coor":[14.46,5.88],"nextPoint":[65]},{"coor":[25.38,5.69],"nextPoint":[65,68,69]},{"coor":[25.37,11.01],"nextPoint":[31,67,64]},{"coor":[25.38,-4.88],"nextPoint":[67,70,75]},{"coor":[19.41,-4.76],"nextPoint":[65,69,71]},{"coor":[19.49,-13.89],"nextPoint":[72,70,75]},{"coor":[19.55,-19.6],"nextPoint":[73,77,71]},{"coor":[20.47,-19.58],"nextPoint":[74,72,76]},{"coor":[25.38,-19.38],"nextPoint":[73,75]},{"coor":[25.39,-13.91],"nextPoint":[74,69,71]},{"coor":[20.27,-24.74],"nextPoint":[73]},{"coor":[17.34,-19.68],"nextPoint":[72,78,79]},{"coor":[17.24,-15.6],"nextPoint":[77]},{"coor":[13.83,-19.64],"nextPoint":[77,80,81,82]},{"coor":[13.88,-15.7],"nextPoint":[79]},{"coor":[13.86,-22.78],"nextPoint":[79]},{"coor":[10.93,-19.61],"nextPoint":[79,83,85]},{"coor":[5.75,-19.55],"nextPoint":[82,84]},{"coor":[5.66,-22.98],"nextPoint":[83]},{"coor":[10.74,-14.26],"nextPoint":[82]},{"coor":[20.39,26.38],"nextPoint":[29,87]},{"coor":[16.8,26.22],"nextPoint":[86,88]},{"coor":[16.61,23.54],"nextPoint":[87]},{"coor":[10.67,26.31],"nextPoint":[28,90,91]},{"coor":[5.72,26.27],"nextPoint":[89]},{"coor":[13.64,26.46],"nextPoint":[89]},{"coor":[10.75,15.39],"nextPoint":[28,93]},{"coor":[8.55,15.23],"nextPoint":[92,94]},{"coor":[8.7,19.67],"nextPoint":[93]},{"coor":[5.3,15.36],"nextPoint":[27]},{"coor":[0.78,26.38],"nextPoint":[26]},{"coor":[0.78,15.51],"nextPoint":[26]},{"coor":[-9.98,21.14],"nextPoint":[25,99,101,102]},{"coor":[-15.12,21.18],"nextPoint":[98,100]},{"coor":[-15.08,26.85],"nextPoint":[99]},{"coor":[-10.07,26.78],"nextPoint":[98]},{"coor":[-9.9,15.56],"nextPoint":[98]},{"coor":[-5.8,26.69],"nextPoint":[25]},{"coor":[-20.42,17.6],"nextPoint":[13,105,111]},{"coor":[-20.42,19.09],"nextPoint":[106,110,104]},{"coor":[-20.44,21.18],"nextPoint":[107,109,105]},{"coor":[-20.49,24.58],"nextPoint":[108,106]},{"coor":[-17.72,24.36],"nextPoint":[107]},{"coor":[-17.74,21.25],"nextPoint":[106]},{"coor":[-17.88,19.2],"nextPoint":[105]},{"coor":[-23.05,17.59],"nextPoint":[104,112]},{"coor":[-23.19,21.86],"nextPoint":[111,113]},{"coor":[-26.68,21.83],"nextPoint":[112]},{"coor":[-20.39,10.98],"nextPoint":[13,8,11]},{"coor":[-16.59,6.25],"nextPoint":[8]},{"coor":[-20.4,-10.31],"nextPoint":[2,6,4]}]