[{"coor":[13.34,-11.78],"nextPoint":[1,3,89]},{"coor":[20.52,-12.08],"nextPoint":[0,2]},{"coor":[20.38,-8.72],"nextPoint":[1,3]},{"coor":[13.34,-8.92],"nextPoint":[0,2,4]},{"coor":[13.34,-6.99],"nextPoint":[3,5,16]},{"coor":[19.01,-6.86],"nextPoint":[4,6,155]},{"coor":[24.91,-6.73],"nextPoint":[5,7]},{"coor":[24.95,-3.35],"nextPoint":[6,8,155]},{"coor":[24.95,-3.35],"nextPoint":[7,9]},{"coor":[24.98,1.16],"nextPoint":[8,10,154]},{"coor":[24.99,1.49],"nextPoint":[11,9]},{"coor":[25.01,4.97],"nextPoint":[12,10]},{"coor":[19.26,5.35],"nextPoint":[11,13,154]},{"coor":[13.29,5.73],"nextPoint":[12,14,17]},{"coor":[13.3,2.03],"nextPoint":[13,15,16]},{"coor":[13.31,-3.21],"nextPoint":[16,14]},{"coor":[13.32,-3.21],"nextPoint":[4,15,14]},{"coor":[13.3,7.37],"nextPoint":[18,13,146]},{"coor":[13.29,14],"nextPoint":[17,19,34]},{"coor":[13.24,15.08],"nextPoint":[18,20]},{"coor":[16.45,15.14],"nextPoint":[19,21,27]},{"coor":[20.36,15.23],"nextPoint":[20,22,32]},{"coor":[20.23,18.69],"nextPoint":[23,21,27,33]},{"coor":[20.12,21.53],"nextPoint":[24,22,26,28]},{"coor":[19.91,26.43],"nextPoint":[23,25]},{"coor":[16.22,26.42],"nextPoint":[24,26]},{"coor":[16.32,21.54],"nextPoint":[25,27,23]},{"coor":[16.38,18.7],"nextPoint":[20,22,26]},{"coor":[22.57,21.55],"nextPoint":[29,23,33]},{"coor":[24.99,21.54],"nextPoint":[30,28]},{"coor":[25.08,18.75],"nextPoint":[31,29,33]},{"coor":[25.2,15.34],"nextPoint":[30,32]},{"coor":[22.88,15.29],"nextPoint":[31,21,33]},{"coor":[22.61,18.72],"nextPoint":[30,22,32,28]},{"coor":[9.19,13.98],"nextPoint":[18,35]},{"coor":[3.13,14.02],"nextPoint":[34,36]},{"coor":[-1.02,14.02],"nextPoint":[37,35]},{"coor":[-6.17,14.07],"nextPoint":[38,124,36]},{"coor":[-7.22,14.08],"nextPoint":[37,39,87]},{"coor":[-11.89,14.16],"nextPoint":[38,40,112]},{"coor":[-17.36,14.26],"nextPoint":[41,106,39]},{"coor":[-17.32,10.23],"nextPoint":[40,42,107]},{"coor":[-17.28,5.95],"nextPoint":[43,41,108]},{"coor":[-17.23,2.44],"nextPoint":[44,42,109]},{"coor":[-17.15,-2.4],"nextPoint":[45,43,110]},{"coor":[-17.1,-6.82],"nextPoint":[46,44,111]},{"coor":[-17.04,-11.88],"nextPoint":[45,47,95]},{"coor":[-11.65,-11.95],"nextPoint":[46,48,78]},{"coor":[-11.78,-19.97],"nextPoint":[47,49,55]},{"coor":[-14.12,-19.85],"nextPoint":[48,50,51]},{"coor":[-13.95,-24.89],"nextPoint":[49]},{"coor":[-19.89,-19.6],"nextPoint":[52,49,54]},{"coor":[-26.08,-19.31],"nextPoint":[53,51]},{"coor":[-26.09,-16.47],"nextPoint":[52]},{"coor":[-20.01,-24.72],"nextPoint":[51]},{"coor":[-9.82,-19.96],"nextPoint":[48,56,93]},{"coor":[-4.95,-19.88],"nextPoint":[57,55,59]},{"coor":[-4.7,-23.41],"nextPoint":[56,58]},{"coor":[-1.26,-23.36],"nextPoint":[57]},{"coor":[1.08,-19.79],"nextPoint":[56,60,75]},{"coor":[4.61,-19.76],"nextPoint":[61,59,74,92]},{"coor":[10.64,-19.67],"nextPoint":[62,60,73,91]},{"coor":[14.8,-19.64],"nextPoint":[63,61,72]},{"coor":[18.4,-19.6],"nextPoint":[64,90,62,71]},{"coor":[20.6,-19.57],"nextPoint":[65,63]},{"coor":[20.74,-15.05],"nextPoint":[64,66,71]},{"coor":[22.64,-15.03],"nextPoint":[65,67,69]},{"coor":[22.64,-18.93],"nextPoint":[66,68]},{"coor":[25.71,-18.84],"nextPoint":[67]},{"coor":[22.78,-10.6],"nextPoint":[66,70]},{"coor":[25.64,-10.67],"nextPoint":[69]},{"coor":[18.08,-15.11],"nextPoint":[65,72,63]},{"coor":[15.18,-15.19],"nextPoint":[73,71,62]},{"coor":[10.8,-15.3],"nextPoint":[74,72,61]},{"coor":[5.04,-15.43],"nextPoint":[75,73,60]},{"coor":[1.15,-15.52],"nextPoint":[76,74,59]},{"coor":[-3.53,-15.61],"nextPoint":[77,75]},{"coor":[-3.61,-11.97],"nextPoint":[78,76,88]},{"coor":[-7.02,-11.99],"nextPoint":[77,47,79]},{"coor":[-7.08,-4.25],"nextPoint":[80,81,78]},{"coor":[-11.73,-4.15],"nextPoint":[79]},{"coor":[-7.11,-0.71],"nextPoint":[79,82,83]},{"coor":[-11.83,-0.52],"nextPoint":[81]},{"coor":[-7.12,2.86],"nextPoint":[81,84,85]},{"coor":[-11.69,2.91],"nextPoint":[83]},{"coor":[-7.13,6.01],"nextPoint":[83,86,87]},{"coor":[-11.85,6.16],"nextPoint":[85]},{"coor":[-7.18,10.46],"nextPoint":[85,38]},{"coor":[2.48,-11.87],"nextPoint":[77,89]},{"coor":[8.75,-11.82],"nextPoint":[0,88]},{"coor":[18.34,-24.98],"nextPoint":[63]},{"coor":[10.49,-24.45],"nextPoint":[61]},{"coor":[4.1,-24.55],"nextPoint":[60]},{"coor":[-9.62,-23.88],"nextPoint":[55,94]},{"coor":[-6.75,-23.65],"nextPoint":[93]},{"coor":[-21.47,-11.81],"nextPoint":[96,46,111]},{"coor":[-25.86,-11.8],"nextPoint":[97,95]},{"coor":[-25.97,-6.84],"nextPoint":[96,98,111]},{"coor":[-26.06,-2.23],"nextPoint":[97,99,110]},{"coor":[-26.15,2.12],"nextPoint":[98,100,109]},{"coor":[-26.23,6.1],"nextPoint":[99,101,108]},{"coor":[-26.32,10.39],"nextPoint":[102,100,107]},{"coor":[-26.41,14.42],"nextPoint":[103,101,106]},{"coor":[-26.29,18.16],"nextPoint":[102,104]},{"coor":[-26.19,21.22],"nextPoint":[105,103]},{"coor":[-23.01,21.16],"nextPoint":[104]},{"coor":[-22.02,14.35],"nextPoint":[102,40,107]},{"coor":[-21.6,10.3],"nextPoint":[41,101,108,106]},{"coor":[-21.82,6.02],"nextPoint":[42,100,109,107]},{"coor":[-21.57,2.3],"nextPoint":[43,99,110,108]},{"coor":[-21.55,-2.31],"nextPoint":[44,98,111,109]},{"coor":[-21.48,-6.84],"nextPoint":[45,97,95,110]},{"coor":[-11.93,17.2],"nextPoint":[39,113]},{"coor":[-11.97,20.4],"nextPoint":[112,114]},{"coor":[-12.01,24.21],"nextPoint":[115,113]},{"coor":[-12.04,26.95],"nextPoint":[116,114]},{"coor":[-14.52,27.01],"nextPoint":[115,117]},{"coor":[-14.67,24.2],"nextPoint":[116,118]},{"coor":[-14.79,21.96],"nextPoint":[117,119]},{"coor":[-18.03,21.87],"nextPoint":[118,120]},{"coor":[-21.09,21.79],"nextPoint":[119,121]},{"coor":[-21.08,24.42],"nextPoint":[120,122]},{"coor":[-21.07,26.8],"nextPoint":[123,121]},{"coor":[-17.9,26.66],"nextPoint":[122]},{"coor":[-6.45,18.1],"nextPoint":[37,125,139]},{"coor":[-3.51,18.15],"nextPoint":[124,126,140]},{"coor":[0.62,18.25],"nextPoint":[127,125,141]},{"coor":[0.66,18.25],"nextPoint":[128,126]},{"coor":[4.08,18.32],"nextPoint":[129,127,135]},{"coor":[4.08,18.33],"nextPoint":[130,128]},{"coor":[7.92,18.4],"nextPoint":[131,129,144]},{"coor":[10.65,18.45],"nextPoint":[130,132]},{"coor":[11.11,21.67],"nextPoint":[133,131,143]},{"coor":[11.5,24.51],"nextPoint":[134,132]},{"coor":[7.89,24.33],"nextPoint":[133,135,144]},{"coor":[4.01,24.15],"nextPoint":[136,134,128]},{"coor":[0.32,23.96],"nextPoint":[137,135,141]},{"coor":[-3.98,23.76],"nextPoint":[138,136,140]},{"coor":[-6.84,23.62],"nextPoint":[137,139]},{"coor":[-6.64,21],"nextPoint":[124,138,140]},{"coor":[-3.76,21.15],"nextPoint":[125,137,141,139]},{"coor":[0.46,21.29],"nextPoint":[126,136,142,140]},{"coor":[3.83,21.41],"nextPoint":[143,145,141]},{"coor":[7.99,21.51],"nextPoint":[132,144,142]},{"coor":[7.89,21.51],"nextPoint":[130,134,143]},{"coor":[3.83,21.41],"nextPoint":[142]},{"coor":[15.62,7.4],"nextPoint":[17,147,153]},{"coor":[15.58,12.4],"nextPoint":[146,148]},{"coor":[18.47,12.43],"nextPoint":[147,149,153]},{"coor":[22.04,12.46],"nextPoint":[150,152,148]},{"coor":[25.28,12.5],"nextPoint":[151,149]},{"coor":[25.5,7.55],"nextPoint":[150,152]},{"coor":[22.05,7.51],"nextPoint":[151,149,153]},{"coor":[18.29,7.45],"nextPoint":[146,152,148]},{"coor":[19.18,1.62],"nextPoint":[12,155,9]},{"coor":[19.09,-3.61],"nextPoint":[5,154,7]}]