[{"coor":[-14.01,-11.28],"nextPoint":[1,75,78]},{"coor":[-14.02,-5.16],"nextPoint":[0,2,96]},{"coor":[-14.02,-3.18],"nextPoint":[1,3,193]},{"coor":[-14.02,5.5],"nextPoint":[2,4,187]},{"coor":[-14.01,7.36],"nextPoint":[3,5,186]},{"coor":[-14.01,13.84],"nextPoint":[4,6,23]},{"coor":[-14.01,16.03],"nextPoint":[5,7,166]},{"coor":[-10.71,16],"nextPoint":[6,8,22]},{"coor":[-10.72,17.42],"nextPoint":[7,9,11]},{"coor":[-7.6,17.43],"nextPoint":[8,10]},{"coor":[-7.63,18.94],"nextPoint":[9]},{"coor":[-10.73,18.66],"nextPoint":[8,12,21]},{"coor":[-10.72,20.36],"nextPoint":[11,13,15]},{"coor":[-7.58,20.3],"nextPoint":[12,14]},{"coor":[-7.59,21.66],"nextPoint":[13]},{"coor":[-10.74,23.23],"nextPoint":[12,16,20]},{"coor":[-10.74,26.54],"nextPoint":[15,17,19]},{"coor":[-7.51,26.49],"nextPoint":[16,18]},{"coor":[-7.57,23.32],"nextPoint":[17]},{"coor":[-15.04,26.55],"nextPoint":[16]},{"coor":[-15.6,23.22],"nextPoint":[15]},{"coor":[-15.54,18.7],"nextPoint":[11]},{"coor":[-6.71,15.97],"nextPoint":[7,23]},{"coor":[-6.74,13.86],"nextPoint":[5,22,24]},{"coor":[-4.91,13.87],"nextPoint":[23,25,160]},{"coor":[3.87,13.89],"nextPoint":[24,26,32]},{"coor":[3.86,15.45],"nextPoint":[25,27,31]},{"coor":[3.82,21.79],"nextPoint":[26,28,30]},{"coor":[3.8,26],"nextPoint":[27,29]},{"coor":[0.85,25.98],"nextPoint":[28]},{"coor":[0.36,21.81],"nextPoint":[27,31]},{"coor":[0.34,15.35],"nextPoint":[30,26]},{"coor":[4.24,13.9],"nextPoint":[25,33,66]},{"coor":[5.45,13.88],"nextPoint":[32,34,132]},{"coor":[13.72,13.9],"nextPoint":[33,35,130]},{"coor":[13.69,6.85],"nextPoint":[34,36,125]},{"coor":[13.65,-4.39],"nextPoint":[35,37,122]},{"coor":[13.62,-11.32],"nextPoint":[36,38]},{"coor":[5.41,-11.31],"nextPoint":[37,39,66]},{"coor":[5.42,-15.73],"nextPoint":[38,40]},{"coor":[9.94,-15.7],"nextPoint":[39,41,57]},{"coor":[9.92,-18.67],"nextPoint":[40,42,43]},{"coor":[5.55,-18.68],"nextPoint":[41]},{"coor":[9.91,-20.43],"nextPoint":[41,44,58,64]},{"coor":[9.87,-25.1],"nextPoint":[43,45]},{"coor":[13.64,-25.08],"nextPoint":[44,46]},{"coor":[13.66,-22.07],"nextPoint":[45,47,58]},{"coor":[16.67,-22.06],"nextPoint":[46,48,59]},{"coor":[16.65,-25.17],"nextPoint":[47,49]},{"coor":[20.37,-25.15],"nextPoint":[48,50]},{"coor":[20.37,-20.51],"nextPoint":[49,51,59]},{"coor":[20.37,-20.03],"nextPoint":[50,52,54]},{"coor":[25.53,-20],"nextPoint":[51,53]},{"coor":[25.55,-15.62],"nextPoint":[52,54]},{"coor":[20.39,-15.64],"nextPoint":[53,51,55]},{"coor":[18.85,-15.65],"nextPoint":[54,56,60]},{"coor":[16.72,-15.66],"nextPoint":[55,57,59]},{"coor":[13.66,-15.68],"nextPoint":[40,56,58]},{"coor":[13.66,-20.54],"nextPoint":[46,57,43,59]},{"coor":[16.68,-20.53],"nextPoint":[47,56,50,58]},{"coor":[18.85,-13.85],"nextPoint":[55,61,63]},{"coor":[18.83,-9.94],"nextPoint":[60,62]},{"coor":[25.19,-9.9],"nextPoint":[61]},{"coor":[24.91,-13.85],"nextPoint":[60]},{"coor":[6.75,-20.43],"nextPoint":[43,65]},{"coor":[6.74,-25.28],"nextPoint":[64]},{"coor":[4.29,-11.31],"nextPoint":[38,32,67]},{"coor":[3.86,-11.31],"nextPoint":[66,68,74]},{"coor":[3.86,-13.23],"nextPoint":[67,69,73]},{"coor":[3.85,-19.98],"nextPoint":[68,70,72]},{"coor":[3.85,-23.55],"nextPoint":[69,71]},{"coor":[0.82,-23.53],"nextPoint":[70]},{"coor":[-0.04,-20.01],"nextPoint":[69,73]},{"coor":[-0.04,-13.2],"nextPoint":[72,68]},{"coor":[-5.01,-11.29],"nextPoint":[67,75,115]},{"coor":[-6.66,-11.29],"nextPoint":[0,74,76]},{"coor":[-6.69,-13.92],"nextPoint":[75,77]},{"coor":[-10.3,-13.98],"nextPoint":[76,78,101]},{"coor":[-14.07,-13.97],"nextPoint":[0,77,79]},{"coor":[-18.05,-14],"nextPoint":[78,80]},{"coor":[-21.33,-14.03],"nextPoint":[79,81,93]},{"coor":[-21.34,-15.52],"nextPoint":[80,82,91]},{"coor":[-21.34,-17.73],"nextPoint":[81,83,84]},{"coor":[-16.96,-17.74],"nextPoint":[82]},{"coor":[-21.35,-20.06],"nextPoint":[82,85,89]},{"coor":[-21.34,-20.78],"nextPoint":[84,86,88]},{"coor":[-21.34,-24.22],"nextPoint":[85,87]},{"coor":[-18.61,-24.2],"nextPoint":[86]},{"coor":[-16.96,-20.79],"nextPoint":[85]},{"coor":[-24.8,-20.07],"nextPoint":[84,90]},{"coor":[-24.81,-18.97],"nextPoint":[89]},{"coor":[-24.89,-15.53],"nextPoint":[81,92]},{"coor":[-24.88,-16.64],"nextPoint":[91]},{"coor":[-21.33,-12.42],"nextPoint":[80,94,100]},{"coor":[-21.32,-9.67],"nextPoint":[93,95,97,99]},{"coor":[-18.35,-9.67],"nextPoint":[94,96]},{"coor":[-18.36,-5.2],"nextPoint":[1,95]},{"coor":[-26.38,-9.69],"nextPoint":[94,98,100]},{"coor":[-26.37,-5.18],"nextPoint":[97,99]},{"coor":[-21.36,-5.16],"nextPoint":[94,98]},{"coor":[-26.45,-12.47],"nextPoint":[93,97]},{"coor":[-10.3,-15.51],"nextPoint":[77,102,104]},{"coor":[-7.62,-15.49],"nextPoint":[101,103]},{"coor":[-7.64,-16.62],"nextPoint":[102]},{"coor":[-10.31,-16.58],"nextPoint":[101,105,114]},{"coor":[-10.32,-18.38],"nextPoint":[104,106,108]},{"coor":[-7.6,-18.38],"nextPoint":[105,107]},{"coor":[-7.62,-19.31],"nextPoint":[106]},{"coor":[-10.33,-21.16],"nextPoint":[105,109,113]},{"coor":[-10.35,-24.54],"nextPoint":[108,110,112]},{"coor":[-7.66,-24.51],"nextPoint":[109,111]},{"coor":[-7.65,-21.71],"nextPoint":[110]},{"coor":[-14.91,-24.67],"nextPoint":[109]},{"coor":[-15.15,-21.26],"nextPoint":[108]},{"coor":[-14.93,-16.63],"nextPoint":[104]},{"coor":[-5.01,-13.39],"nextPoint":[74,116,121]},{"coor":[-5.03,-19.76],"nextPoint":[115,117,120]},{"coor":[-5.04,-24.47],"nextPoint":[116,118]},{"coor":[-2.85,-24.47],"nextPoint":[117,119]},{"coor":[-2.82,-22.64],"nextPoint":[118]},{"coor":[-1.68,-19.75],"nextPoint":[116,121]},{"coor":[-1.62,-13.35],"nextPoint":[120,115]},{"coor":[23.8,-4.34],"nextPoint":[36,123]},{"coor":[23.94,6.83],"nextPoint":[122,124]},{"coor":[21.52,6.83],"nextPoint":[123,125,128]},{"coor":[19.87,6.84],"nextPoint":[35,124,126]},{"coor":[19.91,11.73],"nextPoint":[125,127]},{"coor":[17.94,11.7],"nextPoint":[126]},{"coor":[21.49,11.68],"nextPoint":[124,129]},{"coor":[23.8,11.68],"nextPoint":[128]},{"coor":[13.71,15.89],"nextPoint":[34,131,156]},{"coor":[10.5,15.88],"nextPoint":[130,132,134]},{"coor":[5.48,15.86],"nextPoint":[33,131,133]},{"coor":[5.5,17.91],"nextPoint":[132,134]},{"coor":[10.44,17.93],"nextPoint":[133,131,135,157]},{"coor":[10.43,20.01],"nextPoint":[134,136,138]},{"coor":[6.65,19.99],"nextPoint":[135,137]},{"coor":[6.67,20.96],"nextPoint":[136]},{"coor":[10.41,21.98],"nextPoint":[135,139,146]},{"coor":[10.4,22.89],"nextPoint":[138,140,142]},{"coor":[6.78,22.87],"nextPoint":[139,141]},{"coor":[6.78,24.18],"nextPoint":[140]},{"coor":[10.38,25.68],"nextPoint":[139,143,144]},{"coor":[10.37,26.1],"nextPoint":[142]},{"coor":[6.82,25.68],"nextPoint":[142,145]},{"coor":[6.78,27.1],"nextPoint":[144]},{"coor":[13.54,21.99],"nextPoint":[138,147,157,159]},{"coor":[16.79,22],"nextPoint":[146,148,153,158]},{"coor":[16.84,17.95],"nextPoint":[147,149,156,157]},{"coor":[20.07,17.95],"nextPoint":[148,150,153]},{"coor":[20.01,16.11],"nextPoint":[149,151]},{"coor":[23.71,16.18],"nextPoint":[150,152]},{"coor":[23.73,18.19],"nextPoint":[151]},{"coor":[20.09,22],"nextPoint":[149,147,154]},{"coor":[23.91,22],"nextPoint":[153,155]},{"coor":[23.86,19.76],"nextPoint":[154]},{"coor":[16.84,15.89],"nextPoint":[130,148]},{"coor":[13.51,17.94],"nextPoint":[134,148,146]},{"coor":[16.73,27.12],"nextPoint":[147]},{"coor":[13.51,27.23],"nextPoint":[146]},{"coor":[-4.91,15.37],"nextPoint":[24,161,165]},{"coor":[-4.91,21.94],"nextPoint":[160,162,164]},{"coor":[-4.91,26.3],"nextPoint":[161,163]},{"coor":[-1.96,26.3],"nextPoint":[162]},{"coor":[-1.48,21.9],"nextPoint":[161,165]},{"coor":[-1.49,15.33],"nextPoint":[164,160]},{"coor":[-17.92,16.01],"nextPoint":[6,167]},{"coor":[-21.42,16.01],"nextPoint":[166,168,180]},{"coor":[-21.42,17.54],"nextPoint":[167,169,178]},{"coor":[-21.43,19.64],"nextPoint":[168,170,171]},{"coor":[-17.1,19.68],"nextPoint":[169]},{"coor":[-21.42,21.9],"nextPoint":[169,172,176]},{"coor":[-21.43,23.26],"nextPoint":[171,173,175]},{"coor":[-21.44,26.64],"nextPoint":[172,174]},{"coor":[-18.93,26.64],"nextPoint":[173]},{"coor":[-17.22,23.27],"nextPoint":[172]},{"coor":[-25.01,21.86],"nextPoint":[171,177]},{"coor":[-25.04,21.01],"nextPoint":[176]},{"coor":[-24.99,17.55],"nextPoint":[168,179]},{"coor":[-24.98,19.01],"nextPoint":[178]},{"coor":[-21.42,14.94],"nextPoint":[167,181,184]},{"coor":[-26.71,14.94],"nextPoint":[180,182]},{"coor":[-26.64,6.99],"nextPoint":[181,183]},{"coor":[-21.41,7.01],"nextPoint":[182,184]},{"coor":[-21.41,11.97],"nextPoint":[183,180,185]},{"coor":[-17.77,11.96],"nextPoint":[184,186]},{"coor":[-17.8,7.41],"nextPoint":[185,4]},{"coor":[-16.35,5.5],"nextPoint":[3,188,190]},{"coor":[-25.4,5.52],"nextPoint":[187,189]},{"coor":[-25.45,2.22],"nextPoint":[188]},{"coor":[-16.42,2.18],"nextPoint":[187,191]},{"coor":[-21.23,2.16],"nextPoint":[190,192]},{"coor":[-21.16,5.36],"nextPoint":[191]},{"coor":[-16.52,-3.19],"nextPoint":[2,194,198]},{"coor":[-21.23,-3.23],"nextPoint":[193,195,197]},{"coor":[-25.27,-3.26],"nextPoint":[194,196]},{"coor":[-25.3,-0.31],"nextPoint":[195]},{"coor":[-21.21,0.18],"nextPoint":[194,198]},{"coor":[-16.5,0.17],"nextPoint":[197,193]}]