[{"coor":[13.37,13.46],"nextPoint":[1,3,148]},{"coor":[13.4,15.93],"nextPoint":[0,2,20]},{"coor":[5.4,15.93],"nextPoint":[1,3,14,158]},{"coor":[5.45,13.45],"nextPoint":[0,4,2]},{"coor":[4.21,13.45],"nextPoint":[3,5,65]},{"coor":[-4.88,13.44],"nextPoint":[4,6,101]},{"coor":[-4.89,15.92],"nextPoint":[5,7,159]},{"coor":[-4.73,21.46],"nextPoint":[6,8]},{"coor":[-1.71,21.46],"nextPoint":[7,9,159]},{"coor":[-0.66,21.46],"nextPoint":[10,160,8]},{"coor":[0.89,21.47],"nextPoint":[11,9,13]},{"coor":[0.88,25.53],"nextPoint":[10,12]},{"coor":[2.66,25.51],"nextPoint":[11]},{"coor":[1.59,21.47],"nextPoint":[14,10,158]},{"coor":[5.42,21.48],"nextPoint":[2,15,17,13]},{"coor":[5.49,25.51],"nextPoint":[14,16]},{"coor":[13.67,25.54],"nextPoint":[15,17]},{"coor":[13.74,21.49],"nextPoint":[14,16,18]},{"coor":[15.36,21.5],"nextPoint":[19,17,155]},{"coor":[20.29,21.5],"nextPoint":[20,18,153]},{"coor":[20.22,15.94],"nextPoint":[1,21,19,152]},{"coor":[20.19,11.94],"nextPoint":[20,22,24]},{"coor":[17.12,11.94],"nextPoint":[21,23]},{"coor":[17.14,14.25],"nextPoint":[22]},{"coor":[20.19,11.19],"nextPoint":[25,21,151]},{"coor":[20.18,10.54],"nextPoint":[26,28,24]},{"coor":[17.07,10.58],"nextPoint":[25,27]},{"coor":[17.1,8.08],"nextPoint":[26]},{"coor":[20.15,7.01],"nextPoint":[29,25,149]},{"coor":[20.12,2.66],"nextPoint":[30,28]},{"coor":[13.38,2.61],"nextPoint":[29,31,148]},{"coor":[13.39,-0.82],"nextPoint":[30,32,63]},{"coor":[20.18,-0.79],"nextPoint":[31,33]},{"coor":[20.2,-5.14],"nextPoint":[32,34,43]},{"coor":[22.7,-5.17],"nextPoint":[35,33,147]},{"coor":[25.32,-5.19],"nextPoint":[34,36]},{"coor":[25.32,-9.09],"nextPoint":[35,37,42]},{"coor":[25.31,-12.78],"nextPoint":[38,36,146]},{"coor":[20.24,-12.78],"nextPoint":[37,39,46]},{"coor":[20.23,-9.86],"nextPoint":[38,40,42]},{"coor":[17.11,-9.88],"nextPoint":[39,41]},{"coor":[17.11,-11.96],"nextPoint":[40]},{"coor":[20.24,-9.13],"nextPoint":[39,43,36]},{"coor":[20.23,-8.38],"nextPoint":[33,44,42]},{"coor":[17.16,-8.38],"nextPoint":[43,45]},{"coor":[17.16,-6.46],"nextPoint":[44]},{"coor":[20.24,-13.92],"nextPoint":[38,47,62]},{"coor":[20.25,-15.73],"nextPoint":[48,146,141,46]},{"coor":[20.27,-19.91],"nextPoint":[49,145,47]},{"coor":[15.2,-19.91],"nextPoint":[48,50,142,141]},{"coor":[13.67,-19.92],"nextPoint":[51,54,49]},{"coor":[5.61,-19.95],"nextPoint":[52,50,55,136]},{"coor":[5.67,-23.57],"nextPoint":[51,53]},{"coor":[9.81,-23.52],"nextPoint":[52,54]},{"coor":[13.72,-23.54],"nextPoint":[53,50]},{"coor":[5.59,-15.77],"nextPoint":[56,51,141]},{"coor":[5.59,-14.03],"nextPoint":[57,60,55]},{"coor":[-4.93,-14.1],"nextPoint":[58,56,134]},{"coor":[-4.94,-11.42],"nextPoint":[59,66,57]},{"coor":[4.32,-11.4],"nextPoint":[58,60,64]},{"coor":[5.56,-11.41],"nextPoint":[61,59,56]},{"coor":[13.38,-11.38],"nextPoint":[60,62,63]},{"coor":[13.41,-13.94],"nextPoint":[61,46]},{"coor":[13.38,-3.88],"nextPoint":[61,31]},{"coor":[4.27,-1.24],"nextPoint":[59,65]},{"coor":[4.25,9.01],"nextPoint":[4,64]},{"coor":[-6.86,-11.41],"nextPoint":[67,70,58]},{"coor":[-14.14,-11.44],"nextPoint":[66,68,86]},{"coor":[-14.14,-13.88],"nextPoint":[67,69,78]},{"coor":[-10.3,-13.86],"nextPoint":[68,70,72]},{"coor":[-6.86,-13.84],"nextPoint":[66,71,69]},{"coor":[-6.88,-19.82],"nextPoint":[70,72,133]},{"coor":[-10.32,-19.84],"nextPoint":[71,69,73,74]},{"coor":[-10.29,-25.33],"nextPoint":[72]},{"coor":[-14.19,-19.85],"nextPoint":[72,75,132]},{"coor":[-17.36,-19.87],"nextPoint":[76,78,130,74]},{"coor":[-21.47,-19.89],"nextPoint":[75,77,128]},{"coor":[-21.45,-13.85],"nextPoint":[76,78,79,81]},{"coor":[-17.37,-13.88],"nextPoint":[68,75,77]},{"coor":[-24.44,-13.91],"nextPoint":[77,80]},{"coor":[-24.41,-11.01],"nextPoint":[79]},{"coor":[-21.44,-10.89],"nextPoint":[82,77,84]},{"coor":[-21.42,-6.36],"nextPoint":[83,81]},{"coor":[-25.83,-6.39],"nextPoint":[82]},{"coor":[-17.64,-10.92],"nextPoint":[85,81]},{"coor":[-17.65,-5.15],"nextPoint":[86,84]},{"coor":[-14.12,-5.14],"nextPoint":[67,87,85]},{"coor":[-14.1,-3.18],"nextPoint":[88,99,86]},{"coor":[-17.83,-3.16],"nextPoint":[89,87]},{"coor":[-17.79,2.19],"nextPoint":[88,90]},{"coor":[-21.19,2.16],"nextPoint":[91,89,126]},{"coor":[-21.9,2.15],"nextPoint":[92,90]},{"coor":[-21.9,5.39],"nextPoint":[91,93,95]},{"coor":[-24.92,5.41],"nextPoint":[92,94]},{"coor":[-24.94,1.99],"nextPoint":[93]},{"coor":[-21.9,6.28],"nextPoint":[96,92]},{"coor":[-21.9,7.01],"nextPoint":[97,95,99,123]},{"coor":[-25.37,7.01],"nextPoint":[96,98]},{"coor":[-25.39,10.25],"nextPoint":[97]},{"coor":[-14.05,7.08],"nextPoint":[100,87,96]},{"coor":[-14.01,13.44],"nextPoint":[101,106,99]},{"coor":[-6.82,13.44],"nextPoint":[100,5,102]},{"coor":[-6.87,22.28],"nextPoint":[101,103,125]},{"coor":[-10.27,22.26],"nextPoint":[102,104,105,119]},{"coor":[-10.32,27.03],"nextPoint":[103]},{"coor":[-10.22,15.77],"nextPoint":[103,106]},{"coor":[-14.07,15.83],"nextPoint":[100,105,107]},{"coor":[-18.9,15.83],"nextPoint":[106,108,112]},{"coor":[-21.91,15.83],"nextPoint":[109,121,123,107]},{"coor":[-21.91,22.12],"nextPoint":[108,110,112]},{"coor":[-24.84,22.11],"nextPoint":[109,111]},{"coor":[-24.88,18.32],"nextPoint":[110]},{"coor":[-18.93,22.17],"nextPoint":[113,109,107]},{"coor":[-17.02,22.21],"nextPoint":[114,117,112]},{"coor":[-17.02,24.38],"nextPoint":[113,115]},{"coor":[-19.85,24.36],"nextPoint":[114,116]},{"coor":[-19.82,26.25],"nextPoint":[115]},{"coor":[-14.07,22.23],"nextPoint":[113,118,119]},{"coor":[-14.05,27.19],"nextPoint":[117]},{"coor":[-13.74,22.23],"nextPoint":[117,103,120]},{"coor":[-13.73,18.21],"nextPoint":[119]},{"coor":[-25.35,15.83],"nextPoint":[108,122]},{"coor":[-25.32,12.34],"nextPoint":[121]},{"coor":[-21.9,11.61],"nextPoint":[108,96,124]},{"coor":[-16.79,11.64],"nextPoint":[123]},{"coor":[-6.94,27.15],"nextPoint":[102]},{"coor":[-21.25,-1.74],"nextPoint":[90,127]},{"coor":[-26.09,-1.74],"nextPoint":[126]},{"coor":[-25.1,-19.87],"nextPoint":[76,129]},{"coor":[-25.01,-16.45],"nextPoint":[128]},{"coor":[-17.48,-24.36],"nextPoint":[75,131]},{"coor":[-20.53,-24.37],"nextPoint":[130]},{"coor":[-14.22,-25.33],"nextPoint":[74]},{"coor":[-6.91,-25.35],"nextPoint":[71]},{"coor":[-4.91,-19.97],"nextPoint":[57,135]},{"coor":[-0.66,-19.96],"nextPoint":[134,136,139]},{"coor":[0.98,-19.95],"nextPoint":[51,137,135]},{"coor":[0.95,-23.43],"nextPoint":[136,138]},{"coor":[2.53,-23.44],"nextPoint":[137]},{"coor":[-0.63,-23.37],"nextPoint":[135,140]},{"coor":[-3.5,-23.32],"nextPoint":[139]},{"coor":[15.23,-15.74],"nextPoint":[49,47,55]},{"coor":[15.2,-22.4],"nextPoint":[49,143]},{"coor":[18.49,-22.4],"nextPoint":[142,144]},{"coor":[18.59,-24.29],"nextPoint":[143]},{"coor":[25.3,-19.85],"nextPoint":[48,146]},{"coor":[25.31,-15.65],"nextPoint":[145,37,47]},{"coor":[22.65,-1.18],"nextPoint":[34]},{"coor":[13.37,5.98],"nextPoint":[0,30]},{"coor":[22.85,7.01],"nextPoint":[150,28,154]},{"coor":[25.12,7.01],"nextPoint":[149,151]},{"coor":[25.14,11.33],"nextPoint":[150,152,24]},{"coor":[25.17,15.92],"nextPoint":[153,20,151]},{"coor":[25.2,21.48],"nextPoint":[19,152]},{"coor":[22.9,2.99],"nextPoint":[149]},{"coor":[15.33,24.28],"nextPoint":[18,156]},{"coor":[18.26,24.19],"nextPoint":[155,157]},{"coor":[18.25,26.27],"nextPoint":[156]},{"coor":[1.57,15.93],"nextPoint":[2,13,159]},{"coor":[-1.71,15.92],"nextPoint":[6,158,8]},{"coor":[-0.64,25.46],"nextPoint":[9,161]},{"coor":[-3.42,25.44],"nextPoint":[160]}]