[{"coor":[-14.16,-11.03],"nextPoint":[1,121]},{"coor":[-14.15,-7.26],"nextPoint":[0,2,143]},{"coor":[-14.14,-5.15],"nextPoint":[3,1,57]},{"coor":[-16.11,-5.38],"nextPoint":[4,142,2,141]},{"coor":[-16.15,-9.83],"nextPoint":[5,3]},{"coor":[-19.15,-9.84],"nextPoint":[6,4,141]},{"coor":[-21.58,-9.84],"nextPoint":[7,137,5]},{"coor":[-21.48,-13.85],"nextPoint":[8,9,131,6]},{"coor":[-26.7,-13.76],"nextPoint":[7]},{"coor":[-7.61,-14.08],"nextPoint":[10,122,7]},{"coor":[-3.35,-14.14],"nextPoint":[11,9]},{"coor":[-3.29,-11.15],"nextPoint":[12,10,121]},{"coor":[2,-11.22],"nextPoint":[13,108,11]},{"coor":[12.4,-11.36],"nextPoint":[14,12]},{"coor":[12.35,-5.4],"nextPoint":[13,15,89]},{"coor":[12.24,7.36],"nextPoint":[16,36,14]},{"coor":[12.2,13.4],"nextPoint":[15,17,42]},{"coor":[12.08,15.88],"nextPoint":[16,18,40]},{"coor":[12.07,16.15],"nextPoint":[19,17]},{"coor":[20.36,15.99],"nextPoint":[18,20,28]},{"coor":[20.31,17.81],"nextPoint":[19,21,26]},{"coor":[20.26,20.16],"nextPoint":[22,24,20]},{"coor":[20.1,26.9],"nextPoint":[23,21]},{"coor":[17.37,26.79],"nextPoint":[22]},{"coor":[16.16,20.08],"nextPoint":[21,25]},{"coor":[16.16,20.08],"nextPoint":[24]},{"coor":[24.19,17.92],"nextPoint":[20,27]},{"coor":[24.19,21.86],"nextPoint":[26]},{"coor":[20.36,12.09],"nextPoint":[19,29,33,34]},{"coor":[20.36,7.51],"nextPoint":[30,32,28]},{"coor":[20.36,2.1],"nextPoint":[31,29]},{"coor":[25.21,2.14],"nextPoint":[30]},{"coor":[25.1,7.4],"nextPoint":[29]},{"coor":[25.51,12.02],"nextPoint":[28]},{"coor":[17.9,12.03],"nextPoint":[28,35,39]},{"coor":[14.84,11.94],"nextPoint":[36,34]},{"coor":[14.84,7.25],"nextPoint":[35,37,15,39]},{"coor":[14.84,2.4],"nextPoint":[38,36]},{"coor":[18.66,2.4],"nextPoint":[37]},{"coor":[18.09,7.13],"nextPoint":[36,34]},{"coor":[6.47,16.03],"nextPoint":[17,41,82]},{"coor":[2.04,16.15],"nextPoint":[42,40]},{"coor":[2.15,13.51],"nextPoint":[16,41,43]},{"coor":[-0.53,13.56],"nextPoint":[42,44,81]},{"coor":[-3.08,13.59],"nextPoint":[45,43,55]},{"coor":[-3.11,15.78],"nextPoint":[46,44]},{"coor":[-6.52,15.77],"nextPoint":[47,73,45]},{"coor":[-21.93,15.51],"nextPoint":[48,66,72,46]},{"coor":[-21.95,12.36],"nextPoint":[49,60,47,65]},{"coor":[-19.03,12.22],"nextPoint":[50,48]},{"coor":[-18.97,7.66],"nextPoint":[49,51]},{"coor":[-16.28,7.73],"nextPoint":[52,50,58]},{"coor":[-14.11,7.77],"nextPoint":[51,53,57]},{"coor":[-14.1,9.42],"nextPoint":[54,52,56]},{"coor":[-14.09,13.73],"nextPoint":[53,55]},{"coor":[-8.79,13.66],"nextPoint":[54,44]},{"coor":[-10.85,9.76],"nextPoint":[53]},{"coor":[-14.12,1.21],"nextPoint":[2,52]},{"coor":[-16.16,2.32],"nextPoint":[51,59]},{"coor":[-19.9,2.37],"nextPoint":[58]},{"coor":[-21.86,7.42],"nextPoint":[48,61,63]},{"coor":[-21.76,1.72],"nextPoint":[62,60]},{"coor":[-26.28,1.79],"nextPoint":[61]},{"coor":[-26.74,7.18],"nextPoint":[60,64]},{"coor":[-26.77,7.18],"nextPoint":[63]},{"coor":[-26.9,12.23],"nextPoint":[48]},{"coor":[-21.91,17.7],"nextPoint":[67,47,68]},{"coor":[-26.51,17.67],"nextPoint":[66]},{"coor":[-21.89,20.37],"nextPoint":[69,66,71]},{"coor":[-21.84,27.25],"nextPoint":[70,68]},{"coor":[-18.53,27.15],"nextPoint":[69]},{"coor":[-17.07,20.28],"nextPoint":[68]},{"coor":[-26.31,15.51],"nextPoint":[47]},{"coor":[-6.64,19.92],"nextPoint":[46,74,76,77]},{"coor":[-6.85,27.3],"nextPoint":[75,73]},{"coor":[-3.4,27.39],"nextPoint":[74]},{"coor":[-2.53,20.02],"nextPoint":[73]},{"coor":[-11.22,19.8],"nextPoint":[73,78,80]},{"coor":[-15.72,19.7],"nextPoint":[77,79]},{"coor":[-15.76,24.69],"nextPoint":[78]},{"coor":[-11.14,27.35],"nextPoint":[77]},{"coor":[-0.56,18.33],"nextPoint":[43]},{"coor":[6.35,19.9],"nextPoint":[40,83,85,86]},{"coor":[6.13,27.24],"nextPoint":[84,82]},{"coor":[2.19,27.16],"nextPoint":[83]},{"coor":[1.32,19.93],"nextPoint":[82]},{"coor":[10.29,19.91],"nextPoint":[82,87,88]},{"coor":[14.04,19.93],"nextPoint":[86]},{"coor":[10.22,27.39],"nextPoint":[86]},{"coor":[14.8,-5.4],"nextPoint":[14,90,119]},{"coor":[17.37,-5.4],"nextPoint":[91,89]},{"coor":[17.41,-10.21],"nextPoint":[90,92]},{"coor":[20.48,-10.24],"nextPoint":[91,93,94,99]},{"coor":[25.59,-10.28],"nextPoint":[92]},{"coor":[20.42,-5.06],"nextPoint":[92,95,97]},{"coor":[20.36,0.17],"nextPoint":[96,94]},{"coor":[24.95,0.28],"nextPoint":[95]},{"coor":[25.13,-5.36],"nextPoint":[94,98]},{"coor":[25.13,-5.36],"nextPoint":[97]},{"coor":[20.45,-14.15],"nextPoint":[92,100,107]},{"coor":[20.43,-15.7],"nextPoint":[101,99,103]},{"coor":[24.34,-15.66],"nextPoint":[100,102]},{"coor":[24.45,-19.64],"nextPoint":[101]},{"coor":[20.41,-18.19],"nextPoint":[104,100,106]},{"coor":[20.36,-24.56],"nextPoint":[105,103]},{"coor":[16.92,-24.33],"nextPoint":[104]},{"coor":[16.31,-18.23],"nextPoint":[103]},{"coor":[6.5,-14.08],"nextPoint":[99,108,110]},{"coor":[2.27,-14.07],"nextPoint":[109,12,107]},{"coor":[0.37,-14.07],"nextPoint":[108]},{"coor":[6.5,-17.86],"nextPoint":[107,111,114,116]},{"coor":[6.48,-24.99],"nextPoint":[112,110]},{"coor":[0.15,-24.88],"nextPoint":[111,113]},{"coor":[0.15,-24.88],"nextPoint":[112]},{"coor":[0.48,-17.92],"nextPoint":[110,115]},{"coor":[0.45,-21.14],"nextPoint":[114]},{"coor":[10.34,-17.77],"nextPoint":[110,117,118]},{"coor":[13.91,-17.68],"nextPoint":[116]},{"coor":[10.53,-25.22],"nextPoint":[116]},{"coor":[14.61,0.02],"nextPoint":[89,120]},{"coor":[18.58,-0.14],"nextPoint":[119]},{"coor":[-8.4,-11.11],"nextPoint":[0,11]},{"coor":[-7.57,-17.73],"nextPoint":[9,123,126,127]},{"coor":[-7.45,-24.99],"nextPoint":[124,122]},{"coor":[-3.1,-25.06],"nextPoint":[123,125]},{"coor":[-3.01,-23.11],"nextPoint":[124]},{"coor":[-2.8,-17.85],"nextPoint":[122]},{"coor":[-11.4,-17.77],"nextPoint":[122,128,130]},{"coor":[-15.11,-17.79],"nextPoint":[129,127]},{"coor":[-15.17,-25.33],"nextPoint":[128]},{"coor":[-11.26,-25.29],"nextPoint":[127]},{"coor":[-21.46,-15.45],"nextPoint":[7,132,135]},{"coor":[-21.44,-18.18],"nextPoint":[133,134,131]},{"coor":[-21.36,-24.85],"nextPoint":[132]},{"coor":[-17.1,-18.08],"nextPoint":[132]},{"coor":[-26.35,-15.67],"nextPoint":[131,136]},{"coor":[-26.33,-20.07],"nextPoint":[135]},{"coor":[-21.7,-5.16],"nextPoint":[138,140,6]},{"coor":[-21.83,0.34],"nextPoint":[137,139]},{"coor":[-26.14,0.28],"nextPoint":[138]},{"coor":[-26.56,-4.97],"nextPoint":[137]},{"coor":[-19.35,-5.54],"nextPoint":[5,3]},{"coor":[-16.07,-0.16],"nextPoint":[3]},{"coor":[-11.05,-7.23],"nextPoint":[1]}]