[{"coor":[-14.18,-11.13],"nextPoint":[1,127]},{"coor":[-14.18,-7.27],"nextPoint":[0,2,3]},{"coor":[-11.02,-7.36],"nextPoint":[1]},{"coor":[-14.19,-5.34],"nextPoint":[1,4,144]},{"coor":[-14.19,-1.78],"nextPoint":[5,3]},{"coor":[-14.19,4.27],"nextPoint":[4,6]},{"coor":[-14.18,7.72],"nextPoint":[7,5,18]},{"coor":[-14.18,9.6],"nextPoint":[8,160,6]},{"coor":[-14.18,13.46],"nextPoint":[7,9,54]},{"coor":[-14.2,16.08],"nextPoint":[8,10,28]},{"coor":[-21.53,16.03],"nextPoint":[9,11,12,21]},{"coor":[-26.55,16],"nextPoint":[10]},{"coor":[-21.48,12.2],"nextPoint":[10,13,17]},{"coor":[-21.43,7.42],"nextPoint":[14,16,12]},{"coor":[-21.37,1.81],"nextPoint":[15,13]},{"coor":[-26.04,1.89],"nextPoint":[14]},{"coor":[-25.95,7.49],"nextPoint":[13]},{"coor":[-15.95,12.31],"nextPoint":[12,18]},{"coor":[-15.96,7.59],"nextPoint":[17,19,20,6]},{"coor":[-15.97,2.22],"nextPoint":[18]},{"coor":[-19.45,7.62],"nextPoint":[18]},{"coor":[-21.52,17.65],"nextPoint":[10,22,26]},{"coor":[-21.5,20.48],"nextPoint":[23,25,21]},{"coor":[-21.46,26.62],"nextPoint":[24,22]},{"coor":[-17.37,26.84],"nextPoint":[23]},{"coor":[-17.23,20.3],"nextPoint":[22]},{"coor":[-26,17.75],"nextPoint":[21,27]},{"coor":[-26.32,22.19],"nextPoint":[26]},{"coor":[-10.85,16.05],"nextPoint":[9,29,46]},{"coor":[-10.88,17.68],"nextPoint":[28,30,31]},{"coor":[-14.69,17.67],"nextPoint":[29]},{"coor":[-10.91,19.48],"nextPoint":[29,32,52]},{"coor":[-6.83,19.3],"nextPoint":[33,46,44,31]},{"coor":[-6.87,22.48],"nextPoint":[34,47,50,32]},{"coor":[-2.53,22.48],"nextPoint":[35,33,44]},{"coor":[2.98,22.43],"nextPoint":[34,36,43]},{"coor":[5.57,22.41],"nextPoint":[37,42,35]},{"coor":[8.99,22.38],"nextPoint":[38,40,36]},{"coor":[13.97,22.34],"nextPoint":[39,37]},{"coor":[14.25,17.24],"nextPoint":[38]},{"coor":[9.05,26.84],"nextPoint":[37,41]},{"coor":[13.33,26.85],"nextPoint":[40]},{"coor":[5.69,27.29],"nextPoint":[36]},{"coor":[3.02,27.58],"nextPoint":[35]},{"coor":[-2.48,19.08],"nextPoint":[45,34,32]},{"coor":[-2.43,15.97],"nextPoint":[46,44]},{"coor":[-6.78,16.02],"nextPoint":[45,28,32]},{"coor":[-10.98,22.49],"nextPoint":[33,48,52]},{"coor":[-11.02,24.18],"nextPoint":[47,49,51]},{"coor":[-11.09,27.44],"nextPoint":[50,48]},{"coor":[-7.05,27.48],"nextPoint":[49,33]},{"coor":[-14.88,24.2],"nextPoint":[48]},{"coor":[-10.95,21.23],"nextPoint":[47,31,53]},{"coor":[-15.16,21.14],"nextPoint":[52]},{"coor":[-4.87,13.46],"nextPoint":[8,55]},{"coor":[4.75,13.43],"nextPoint":[56,159,54]},{"coor":[12.77,13.42],"nextPoint":[57,77,55]},{"coor":[12.72,16.03],"nextPoint":[56,58,59]},{"coor":[10.37,15.95],"nextPoint":[57]},{"coor":[20.39,15.95],"nextPoint":[57,60,67]},{"coor":[20.38,17.84],"nextPoint":[59,61,65]},{"coor":[20.35,20.09],"nextPoint":[62,64,60]},{"coor":[20.26,27.08],"nextPoint":[63,61]},{"coor":[17.69,27.06],"nextPoint":[62]},{"coor":[16.53,20.07],"nextPoint":[61]},{"coor":[24.72,17.84],"nextPoint":[60,66]},{"coor":[24.65,22.16],"nextPoint":[65]},{"coor":[20.45,11.97],"nextPoint":[59,68,72,73]},{"coor":[20.51,6.87],"nextPoint":[69,71,67]},{"coor":[20.57,1.81],"nextPoint":[70,68]},{"coor":[24.7,1.83],"nextPoint":[69]},{"coor":[24.81,6.75],"nextPoint":[68]},{"coor":[25.32,12],"nextPoint":[67]},{"coor":[14.99,11.93],"nextPoint":[67,74]},{"coor":[14.93,7.51],"nextPoint":[73,75,77,158]},{"coor":[14.86,2.77],"nextPoint":[76,74]},{"coor":[18.63,2.74],"nextPoint":[75]},{"coor":[12.75,7.51],"nextPoint":[74,56,78]},{"coor":[12.73,0.74],"nextPoint":[77,79]},{"coor":[12.7,-5.39],"nextPoint":[80,86,78]},{"coor":[12.68,-11.22],"nextPoint":[79,81,128]},{"coor":[12.66,-13.75],"nextPoint":[82,80,101]},{"coor":[20.58,-13.7],"nextPoint":[83,94,81]},{"coor":[20.65,-10.14],"nextPoint":[84,89,90,82]},{"coor":[17.07,-10.24],"nextPoint":[85,83]},{"coor":[16.93,-5.39],"nextPoint":[84,86]},{"coor":[14.87,-5.39],"nextPoint":[79,85,87]},{"coor":[14.85,-0.5],"nextPoint":[86,88]},{"coor":[18.21,-0.72],"nextPoint":[87]},{"coor":[25.42,-10.12],"nextPoint":[83]},{"coor":[20.78,-4.9],"nextPoint":[83,91,93]},{"coor":[20.62,0.24],"nextPoint":[92,90]},{"coor":[24.66,0.19],"nextPoint":[91]},{"coor":[24.85,-4.97],"nextPoint":[90]},{"coor":[20.48,-15.49],"nextPoint":[95,82,97]},{"coor":[24.18,-15.44],"nextPoint":[94,96]},{"coor":[24.37,-19.35],"nextPoint":[95]},{"coor":[20.45,-18.43],"nextPoint":[98,94,100]},{"coor":[20.39,-24.32],"nextPoint":[99,97]},{"coor":[16.66,-24.15],"nextPoint":[98]},{"coor":[16.2,-18.29],"nextPoint":[97]},{"coor":[8.87,-13.75],"nextPoint":[81,102,109]},{"coor":[5.87,-13.75],"nextPoint":[103,101,107]},{"coor":[5.25,-13.76],"nextPoint":[104,128,102]},{"coor":[3.68,-13.75],"nextPoint":[103,105]},{"coor":[3.62,-19.89],"nextPoint":[104,106,107,113]},{"coor":[3.61,-24.94],"nextPoint":[105]},{"coor":[5.89,-19.93],"nextPoint":[102,108,105,109]},{"coor":[5.91,-24.86],"nextPoint":[107]},{"coor":[8.92,-19.93],"nextPoint":[101,110,107,112]},{"coor":[8.96,-24.59],"nextPoint":[111,109]},{"coor":[13.48,-24.59],"nextPoint":[110]},{"coor":[14.36,-19.98],"nextPoint":[109]},{"coor":[2.73,-19.84],"nextPoint":[105,114]},{"coor":[-0.07,-19.88],"nextPoint":[113,115,152,157]},{"coor":[-6.41,-19.98],"nextPoint":[116,124,151,114]},{"coor":[-11.24,-20.04],"nextPoint":[117,115,147]},{"coor":[-11.24,-18.81],"nextPoint":[116,118,119,124]},{"coor":[-14.82,-18.78],"nextPoint":[117]},{"coor":[-11.31,-15.29],"nextPoint":[117,120,121]},{"coor":[-14.99,-15.22],"nextPoint":[119]},{"coor":[-6.47,-15.35],"nextPoint":[119,122,126,124]},{"coor":[-2.38,-15.41],"nextPoint":[123,125,121]},{"coor":[-2.32,-18.82],"nextPoint":[122,124]},{"coor":[-6.39,-18.81],"nextPoint":[117,123,121,115]},{"coor":[-2.41,-13.99],"nextPoint":[126,122]},{"coor":[-6.46,-13.98],"nextPoint":[125,127,121,129]},{"coor":[-6.49,-11.16],"nextPoint":[0,128,126]},{"coor":[5.22,-11.19],"nextPoint":[80,103,127]},{"coor":[-21.34,-13.94],"nextPoint":[130,126,131,138]},{"coor":[-26.26,-13.94],"nextPoint":[129]},{"coor":[-21.34,-15.46],"nextPoint":[129,132,134]},{"coor":[-25.84,-15.52],"nextPoint":[131,133]},{"coor":[-25.65,-19.97],"nextPoint":[132]},{"coor":[-21.33,-18.4],"nextPoint":[135,131,137]},{"coor":[-21.33,-24.95],"nextPoint":[136,134]},{"coor":[-17.3,-25.05],"nextPoint":[135]},{"coor":[-17.07,-18.59],"nextPoint":[134]},{"coor":[-21.39,-10.04],"nextPoint":[129,139,143]},{"coor":[-21.45,-5.23],"nextPoint":[140,142,138]},{"coor":[-21.51,0.2],"nextPoint":[141,139]},{"coor":[-26.31,0.31],"nextPoint":[140]},{"coor":[-26.29,-5.14],"nextPoint":[139]},{"coor":[-16.04,-10.03],"nextPoint":[138,144]},{"coor":[-16,-5.51],"nextPoint":[143,145,146,3]},{"coor":[-15.96,0.07],"nextPoint":[144]},{"coor":[-19.4,-5.39],"nextPoint":[144]},{"coor":[-11.17,-22.07],"nextPoint":[116,148,149]},{"coor":[-11.06,-25.25],"nextPoint":[147]},{"coor":[-14.48,-22.07],"nextPoint":[147,150]},{"coor":[-14.45,-25.34],"nextPoint":[149]},{"coor":[-6.28,-25.42],"nextPoint":[115]},{"coor":[-0.15,-15.75],"nextPoint":[114,153,155]},{"coor":[-0.2,-13.01],"nextPoint":[154,152]},{"coor":[2.15,-13.09],"nextPoint":[153,155]},{"coor":[2.08,-15.76],"nextPoint":[154,156,152]},{"coor":[2.02,-17.96],"nextPoint":[155]},{"coor":[-0.15,-24.93],"nextPoint":[114]},{"coor":[18.35,7.48],"nextPoint":[74]},{"coor":[4.51,22.35],"nextPoint":[55]},{"coor":[-10.74,9.6],"nextPoint":[7]}]