[{"coor":[-14.17,-11.23],"nextPoint":[1,65,77]},{"coor":[-6.93,-11.3],"nextPoint":[0,2,70]},{"coor":[5.3,-11.43],"nextPoint":[1,3,15]},{"coor":[5.31,-15.65],"nextPoint":[2,4,129]},{"coor":[5.31,-16.74],"nextPoint":[3,5,132]},{"coor":[5.34,-18.56],"nextPoint":[4,6,130]},{"coor":[5.41,-23.57],"nextPoint":[5,7]},{"coor":[10.03,-23.54],"nextPoint":[6,8,129]},{"coor":[14.14,-23.47],"nextPoint":[7,9]},{"coor":[14.31,-15.52],"nextPoint":[8,10,129]},{"coor":[20.27,-15.43],"nextPoint":[9,11,123,127]},{"coor":[20.29,-10.11],"nextPoint":[10,12,121]},{"coor":[20.3,-7.04],"nextPoint":[11,13,120]},{"coor":[20.29,-4.2],"nextPoint":[12,14,20,119]},{"coor":[12.63,-4.61],"nextPoint":[13,15,16]},{"coor":[12.66,-11.37],"nextPoint":[14,2]},{"coor":[12.63,-3.02],"nextPoint":[14,17,117]},{"coor":[12.59,0.94],"nextPoint":[16,18,116]},{"coor":[12.54,5.77],"nextPoint":[17,19,28]},{"coor":[17.61,5.99],"nextPoint":[18,20,31]},{"coor":[20.3,6.09],"nextPoint":[13,19,21,22]},{"coor":[25.1,6.08],"nextPoint":[20]},{"coor":[20.3,9.95],"nextPoint":[20,23,115]},{"coor":[20.3,13.69],"nextPoint":[22,24,113]},{"coor":[16.73,13.79],"nextPoint":[23,25]},{"coor":[16.67,16.09],"nextPoint":[24,26]},{"coor":[12.55,16.09],"nextPoint":[25,27,112]},{"coor":[12.49,13.61],"nextPoint":[26,28,32]},{"coor":[12.54,7.39],"nextPoint":[18,27,29]},{"coor":[14.47,7.48],"nextPoint":[28,30]},{"coor":[14.49,8.68],"nextPoint":[29,31]},{"coor":[17.54,8.68],"nextPoint":[30,19]},{"coor":[5.55,13.63],"nextPoint":[27,33,98]},{"coor":[5.6,15.23],"nextPoint":[32,34,101]},{"coor":[3.79,15.19],"nextPoint":[33,35,98,99]},{"coor":[0.82,15.12],"nextPoint":[34,36]},{"coor":[1.13,22.02],"nextPoint":[35,37,99]},{"coor":[-1.88,22.05],"nextPoint":[36,38,95]},{"coor":[-1.91,15.94],"nextPoint":[37,39]},{"coor":[-6.79,15.99],"nextPoint":[38,40,92]},{"coor":[-6.79,13.67],"nextPoint":[39,41,98]},{"coor":[-14.24,13.68],"nextPoint":[40,42]},{"coor":[-14.22,9.71],"nextPoint":[41,43,44]},{"coor":[-10.8,9.71],"nextPoint":[42]},{"coor":[-14.21,7.27],"nextPoint":[42,45,79]},{"coor":[-14.21,5.69],"nextPoint":[44,46,51]},{"coor":[-14.19,-3.1],"nextPoint":[45,47,49]},{"coor":[-14.2,-5.08],"nextPoint":[46,48,77]},{"coor":[-21.84,-5.2],"nextPoint":[47,49,54]},{"coor":[-21.82,-3.28],"nextPoint":[48,46,50,53]},{"coor":[-21.76,5.64],"nextPoint":[49,51,52]},{"coor":[-16.35,5.74],"nextPoint":[50,45]},{"coor":[-26.66,5.45],"nextPoint":[50]},{"coor":[-26.36,-3.23],"nextPoint":[49]},{"coor":[-21.86,-10.64],"nextPoint":[48,55,57,58]},{"coor":[-26.73,-10.47],"nextPoint":[54,56]},{"coor":[-26.88,-5.7],"nextPoint":[55]},{"coor":[-16.05,-10.7],"nextPoint":[54]},{"coor":[-21.89,-13.57],"nextPoint":[54,59,75]},{"coor":[-21.92,-19.43],"nextPoint":[58,60,61]},{"coor":[-26.7,-19.43],"nextPoint":[59]},{"coor":[-17.65,-19.41],"nextPoint":[59,62,63]},{"coor":[-17.75,-24.9],"nextPoint":[61]},{"coor":[-16.06,-19.41],"nextPoint":[61,64,67]},{"coor":[-16.23,-13.63],"nextPoint":[63,65]},{"coor":[-14.18,-13.64],"nextPoint":[64,0,66]},{"coor":[-12.01,-13.65],"nextPoint":[65,67]},{"coor":[-11.85,-19.37],"nextPoint":[63,66,68]},{"coor":[-9.86,-19.35],"nextPoint":[67,69,71]},{"coor":[-9.86,-16.71],"nextPoint":[68,70]},{"coor":[-6.87,-16.67],"nextPoint":[1,69]},{"coor":[-5.5,-19.36],"nextPoint":[68,72,74]},{"coor":[-1.41,-19.37],"nextPoint":[71,73]},{"coor":[-1.49,-13.05],"nextPoint":[72]},{"coor":[-5.51,-24.94],"nextPoint":[71]},{"coor":[-26.47,-13.69],"nextPoint":[58,76]},{"coor":[-26.56,-11.87],"nextPoint":[75]},{"coor":[-14.19,-7.12],"nextPoint":[0,47,78]},{"coor":[-10.46,-7.39],"nextPoint":[77]},{"coor":[-21.91,7.41],"nextPoint":[44,80]},{"coor":[-21.91,11.91],"nextPoint":[79,81,82,83]},{"coor":[-26.39,11.81],"nextPoint":[80]},{"coor":[-16.83,11.84],"nextPoint":[80]},{"coor":[-21.91,15.73],"nextPoint":[80,84,97]},{"coor":[-21.91,22.22],"nextPoint":[83,85,86]},{"coor":[-26.22,22.12],"nextPoint":[84]},{"coor":[-17.92,22.18],"nextPoint":[84,87,88]},{"coor":[-18.02,27.2],"nextPoint":[86]},{"coor":[-16.15,22.17],"nextPoint":[86,89,93]},{"coor":[-11.98,22.14],"nextPoint":[88,90,91]},{"coor":[-11.95,17.88],"nextPoint":[89]},{"coor":[-10.14,22.13],"nextPoint":[89,92,95]},{"coor":[-10.1,16.01],"nextPoint":[39,91,93]},{"coor":[-16.1,16.08],"nextPoint":[88,92,94]},{"coor":[-16.08,13.55],"nextPoint":[93]},{"coor":[-5.6,22.08],"nextPoint":[37,91,96]},{"coor":[-5.53,27.51],"nextPoint":[95]},{"coor":[-26.18,15.8],"nextPoint":[83]},{"coor":[3.87,13.63],"nextPoint":[40,32,34]},{"coor":[3.88,21.98],"nextPoint":[34,36,100,111]},{"coor":[7.94,21.94],"nextPoint":[99,101,102]},{"coor":[7.85,15.26],"nextPoint":[33,100]},{"coor":[10.73,21.9],"nextPoint":[100,103,104]},{"coor":[10.54,27.01],"nextPoint":[102]},{"coor":[14.25,21.86],"nextPoint":[102,105,108]},{"coor":[14.18,24.77],"nextPoint":[104,106]},{"coor":[12.85,24.77],"nextPoint":[105,107]},{"coor":[12.79,27.13],"nextPoint":[106]},{"coor":[20.16,21.83],"nextPoint":[104,109,110]},{"coor":[25.16,21.78],"nextPoint":[108]},{"coor":[20.16,27.27],"nextPoint":[108]},{"coor":[3.71,27.25],"nextPoint":[99]},{"coor":[10.54,15.99],"nextPoint":[26]},{"coor":[20.33,16.28],"nextPoint":[23,114]},{"coor":[24.94,16.25],"nextPoint":[113]},{"coor":[17.3,9.98],"nextPoint":[22]},{"coor":[16.81,0.99],"nextPoint":[17,117,118]},{"coor":[16.8,-2.81],"nextPoint":[16,116]},{"coor":[16.82,4.2],"nextPoint":[116]},{"coor":[24.73,-4.29],"nextPoint":[13]},{"coor":[15.12,-7.35],"nextPoint":[12]},{"coor":[24.07,-10.22],"nextPoint":[11,122]},{"coor":[24,-13.59],"nextPoint":[121]},{"coor":[20.27,-18.57],"nextPoint":[10,124,126]},{"coor":[20.27,-25.22],"nextPoint":[123,125]},{"coor":[16.31,-25.09],"nextPoint":[124,126]},{"coor":[16.47,-18.51],"nextPoint":[125,123]},{"coor":[24.22,-15.49],"nextPoint":[10,128]},{"coor":[24.39,-19.55],"nextPoint":[127]},{"coor":[10.03,-15.58],"nextPoint":[3,9,7]},{"coor":[1.9,-18.54],"nextPoint":[5,131]},{"coor":[1.81,-24.64],"nextPoint":[130]},{"coor":[1.95,-16.66],"nextPoint":[4,133]},{"coor":[1.96,-12.86],"nextPoint":[132]}]