[{"coor":[-14.18,-11.15],"nextPoint":[1,77,90]},{"coor":[-6.82,-11.12],"nextPoint":[0,2,72]},{"coor":[3.85,-11.1],"nextPoint":[1,3,149]},{"coor":[5.87,-11.11],"nextPoint":[2,4,150]},{"coor":[12.89,-11.1],"nextPoint":[3,5,152]},{"coor":[12.86,-3.37],"nextPoint":[4,6,135]},{"coor":[12.85,5.55],"nextPoint":[5,7,27]},{"coor":[12.84,13.56],"nextPoint":[6,8,12]},{"coor":[5.43,13.55],"nextPoint":[7,9,11]},{"coor":[3.88,13.55],"nextPoint":[8,10,42]},{"coor":[3.85,16.12],"nextPoint":[9,11,13]},{"coor":[5.5,15.98],"nextPoint":[8,10,12]},{"coor":[12.75,15.85],"nextPoint":[7,11]},{"coor":[0.41,16.15],"nextPoint":[10,14]},{"coor":[0.38,21.98],"nextPoint":[13,15]},{"coor":[3.78,21.95],"nextPoint":[14,16,17]},{"coor":[3.74,27.4],"nextPoint":[15]},{"coor":[7.31,21.91],"nextPoint":[15,18]},{"coor":[10.81,21.86],"nextPoint":[17,19,40]},{"coor":[14.42,21.83],"nextPoint":[18,20,37]},{"coor":[20,21.75],"nextPoint":[19,21,35]},{"coor":[20.97,21.74],"nextPoint":[20,22]},{"coor":[20.98,16.62],"nextPoint":[21,23,24]},{"coor":[25.15,16.68],"nextPoint":[22]},{"coor":[20.98,13.09],"nextPoint":[22,25,33]},{"coor":[20.98,10.94],"nextPoint":[24,26,28]},{"coor":[16.24,11.26],"nextPoint":[25,27]},{"coor":[16.18,5.31],"nextPoint":[26,6]},{"coor":[20.97,7.26],"nextPoint":[25,29,31]},{"coor":[21,1.81],"nextPoint":[28,30,32]},{"coor":[25.16,1.74],"nextPoint":[29,31]},{"coor":[25.17,7.43],"nextPoint":[30,28]},{"coor":[14.76,1.87],"nextPoint":[29]},{"coor":[14.59,12.78],"nextPoint":[24,34]},{"coor":[14.45,15.97],"nextPoint":[33]},{"coor":[20.06,27.34],"nextPoint":[20,36]},{"coor":[16.3,27.31],"nextPoint":[35]},{"coor":[14.32,24.53],"nextPoint":[19,38]},{"coor":[12.76,24.54],"nextPoint":[37,39]},{"coor":[12.74,27.35],"nextPoint":[38]},{"coor":[10.88,27.12],"nextPoint":[18,41]},{"coor":[6.28,27.06],"nextPoint":[40]},{"coor":[-1.83,13.55],"nextPoint":[9,43,44]},{"coor":[-1.81,16.24],"nextPoint":[42]},{"coor":[-6.72,13.56],"nextPoint":[42,45,118]},{"coor":[-14.08,13.56],"nextPoint":[44,46]},{"coor":[-14.1,9.75],"nextPoint":[45,47,134]},{"coor":[-14.1,7.37],"nextPoint":[46,48,92]},{"coor":[-14.16,-4.42],"nextPoint":[47,49,90]},{"coor":[-16.16,-4.33],"nextPoint":[48,50]},{"coor":[-16.21,-5.85],"nextPoint":[49,51]},{"coor":[-21.88,-5.77],"nextPoint":[50,52,55]},{"coor":[-21.89,-3.39],"nextPoint":[51,53,54]},{"coor":[-21.91,0.55],"nextPoint":[52]},{"coor":[-26.72,-3.4],"nextPoint":[52]},{"coor":[-21.87,-10.34],"nextPoint":[51,56,58]},{"coor":[-26.38,-10.21],"nextPoint":[55,57]},{"coor":[-26.53,-7.59],"nextPoint":[56]},{"coor":[-21.86,-13.75],"nextPoint":[55,59,88]},{"coor":[-21.82,-19.66],"nextPoint":[58,60,61,87]},{"coor":[-26.09,-19.72],"nextPoint":[59]},{"coor":[-17.92,-19.59],"nextPoint":[59,62,86]},{"coor":[-16.24,-19.57],"nextPoint":[61,63,82]},{"coor":[-15.08,-19.56],"nextPoint":[62,64,74]},{"coor":[-15.12,-25.03],"nextPoint":[63,65]},{"coor":[-5.47,-25.23],"nextPoint":[64,66]},{"coor":[-5.49,-19.67],"nextPoint":[65,67,84]},{"coor":[-9.93,-19.75],"nextPoint":[66,68,74]},{"coor":[-10.08,-15.98],"nextPoint":[67,69,73]},{"coor":[-6.71,-16],"nextPoint":[68,70,72]},{"coor":[-3.47,-16.06],"nextPoint":[69,71]},{"coor":[-3.57,-13.24],"nextPoint":[70,72]},{"coor":[-6.76,-13.29],"nextPoint":[1,69,71,73]},{"coor":[-10.11,-13.25],"nextPoint":[72,68]},{"coor":[-11.82,-19.68],"nextPoint":[67,63,75]},{"coor":[-11.82,-17.79],"nextPoint":[74,76,83]},{"coor":[-11.79,-13.98],"nextPoint":[75,77]},{"coor":[-14.19,-13.95],"nextPoint":[0,76,78]},{"coor":[-16.35,-13.99],"nextPoint":[77,79,82]},{"coor":[-16.38,-12.49],"nextPoint":[78,80]},{"coor":[-20.02,-12.66],"nextPoint":[79,81]},{"coor":[-19.98,-17.23],"nextPoint":[80,82]},{"coor":[-16.29,-17.16],"nextPoint":[62,81,78]},{"coor":[-14.55,-17.73],"nextPoint":[75]},{"coor":[-1.44,-19.59],"nextPoint":[66,85]},{"coor":[-1.49,-12.99],"nextPoint":[84]},{"coor":[-17.9,-25.12],"nextPoint":[61,87]},{"coor":[-21.74,-25.08],"nextPoint":[86,59]},{"coor":[-26.27,-13.61],"nextPoint":[58,89]},{"coor":[-26.37,-11.67],"nextPoint":[88]},{"coor":[-14.18,-7.51],"nextPoint":[0,48,91]},{"coor":[-10.53,-7.55],"nextPoint":[90]},{"coor":[-21.79,7.37],"nextPoint":[47,93,96]},{"coor":[-21.78,5.4],"nextPoint":[92,94,95]},{"coor":[-21.76,1.99],"nextPoint":[93]},{"coor":[-26.68,5.34],"nextPoint":[93]},{"coor":[-21.78,12.58],"nextPoint":[92,97,132]},{"coor":[-21.77,16.18],"nextPoint":[96,98,129]},{"coor":[-21.77,22.07],"nextPoint":[97,99,127]},{"coor":[-17.9,22.04],"nextPoint":[98,100,125]},{"coor":[-15.97,22.02],"nextPoint":[99,101,123]},{"coor":[-16.03,19.86],"nextPoint":[100,102,105]},{"coor":[-20.17,19.95],"nextPoint":[101,103]},{"coor":[-20.21,14.94],"nextPoint":[102,104]},{"coor":[-16.25,14.95],"nextPoint":[103,105]},{"coor":[-16.17,16],"nextPoint":[104,101,106]},{"coor":[-11.94,15.89],"nextPoint":[105,107]},{"coor":[-12,19.96],"nextPoint":[106,108,124]},{"coor":[-12.03,22],"nextPoint":[107,109,123]},{"coor":[-11.04,21.99],"nextPoint":[108,110,115]},{"coor":[-11.05,27.61],"nextPoint":[109,111,122]},{"coor":[-5.41,27.62],"nextPoint":[110,112]},{"coor":[-5.29,21.95],"nextPoint":[111,113,115]},{"coor":[-1.59,21.93],"nextPoint":[112,114]},{"coor":[-1.62,17.62],"nextPoint":[113]},{"coor":[-9.9,21.98],"nextPoint":[112,109,116]},{"coor":[-9.94,19.17],"nextPoint":[115,117,121]},{"coor":[-9.99,16.2],"nextPoint":[116,118]},{"coor":[-6.7,16.09],"nextPoint":[44,117,119,121]},{"coor":[-3.5,16.12],"nextPoint":[118,120]},{"coor":[-3.65,19.11],"nextPoint":[119,121]},{"coor":[-6.46,19.14],"nextPoint":[120,116,118]},{"coor":[-15.01,27.61],"nextPoint":[110,123]},{"coor":[-15.06,22.02],"nextPoint":[108,100,122]},{"coor":[-14.59,19.82],"nextPoint":[107]},{"coor":[-17.98,27.46],"nextPoint":[99,126]},{"coor":[-21.5,27.4],"nextPoint":[125]},{"coor":[-23.9,22.05],"nextPoint":[98,128]},{"coor":[-23.87,17.64],"nextPoint":[127]},{"coor":[-26.16,16.1],"nextPoint":[97,130]},{"coor":[-26.19,14.01],"nextPoint":[129,131]},{"coor":[-23.55,13.92],"nextPoint":[130]},{"coor":[-26.78,12.61],"nextPoint":[96,133]},{"coor":[-26.74,7.47],"nextPoint":[132]},{"coor":[-10.52,9.73],"nextPoint":[46]},{"coor":[16.71,-3.32],"nextPoint":[5,136]},{"coor":[16.62,-8.08],"nextPoint":[135,137]},{"coor":[21.13,-8.32],"nextPoint":[136,138,164]},{"coor":[21.13,-10.61],"nextPoint":[137,139,163]},{"coor":[21.14,-15.09],"nextPoint":[138,140,162]},{"coor":[21.17,-20.04],"nextPoint":[139,141]},{"coor":[20.18,-20.04],"nextPoint":[140,142,159]},{"coor":[19.14,-20.03],"nextPoint":[141,143,158]},{"coor":[14.15,-19.99],"nextPoint":[142,144,157]},{"coor":[10.85,-19.97],"nextPoint":[143,145,154]},{"coor":[7.95,-19.94],"nextPoint":[144,146,151]},{"coor":[3.91,-19.9],"nextPoint":[145,147,149,153]},{"coor":[0.41,-19.87],"nextPoint":[146,148]},{"coor":[0.52,-13.47],"nextPoint":[147,149]},{"coor":[3.95,-13.42],"nextPoint":[2,148,146,150]},{"coor":[5.81,-13.4],"nextPoint":[149,3,151]},{"coor":[7.97,-13.5],"nextPoint":[145,150,152]},{"coor":[12.72,-13.37],"nextPoint":[4,151]},{"coor":[3.92,-24.8],"nextPoint":[146]},{"coor":[10.87,-21.91],"nextPoint":[144,155,156]},{"coor":[10.89,-24.88],"nextPoint":[154]},{"coor":[5.91,-21.85],"nextPoint":[154]},{"coor":[14.13,-24.95],"nextPoint":[143]},{"coor":[19.03,-15.2],"nextPoint":[142]},{"coor":[20.21,-21.65],"nextPoint":[141,160,161]},{"coor":[20.26,-24.96],"nextPoint":[159]},{"coor":[16.22,-21.61],"nextPoint":[159]},{"coor":[25.13,-15.18],"nextPoint":[139]},{"coor":[14.87,-10.64],"nextPoint":[138]},{"coor":[21.1,-2.46],"nextPoint":[137,165,166]},{"coor":[25.13,-2.41],"nextPoint":[164]},{"coor":[21.12,0.43],"nextPoint":[164,167]},{"coor":[14.62,0.19],"nextPoint":[166]}]