[{"coor":[-14,-11.06],"nextPoint":[1,120,22]},{"coor":[-6.8,-11.05],"nextPoint":[0,2,88]},{"coor":[-6.98,-14.45],"nextPoint":[3,1,128]},{"coor":[-3.87,-14.47],"nextPoint":[2,4]},{"coor":[-3.92,-16.17],"nextPoint":[5,3,132]},{"coor":[-3.98,-18.25],"nextPoint":[6,129,131,4]},{"coor":[-7.23,-18.22],"nextPoint":[5,7]},{"coor":[-7.27,-20.5],"nextPoint":[8,6,127]},{"coor":[-7.37,-24.67],"nextPoint":[9,7]},{"coor":[-10.86,-24.55],"nextPoint":[10,8,127]},{"coor":[-14.12,-24.44],"nextPoint":[9,11]},{"coor":[-13.93,-20.08],"nextPoint":[12,10,127]},{"coor":[-13.77,-16.26],"nextPoint":[13,11]},{"coor":[-20.55,-16.17],"nextPoint":[14,121,12]},{"coor":[-20.54,-13.83],"nextPoint":[15,17,13,120]},{"coor":[-26.64,-13.78],"nextPoint":[14,16]},{"coor":[-26.67,-10.33],"nextPoint":[15,17,43]},{"coor":[-20.53,-10.46],"nextPoint":[14,16,18,19]},{"coor":[-15.76,-10.34],"nextPoint":[17]},{"coor":[-20.53,-6.8],"nextPoint":[20,17,43,119]},{"coor":[-20.52,-3.21],"nextPoint":[21,42,19,44]},{"coor":[-13.96,-3.1],"nextPoint":[20,22,24]},{"coor":[-13.98,-7.18],"nextPoint":[0,21,23]},{"coor":[-10.57,-7.4],"nextPoint":[22]},{"coor":[-13.93,1.54],"nextPoint":[21,25]},{"coor":[-13.9,7.28],"nextPoint":[26,44,24]},{"coor":[-13.9,9.76],"nextPoint":[27,118,25]},{"coor":[-13.88,13.51],"nextPoint":[26,28,45]},{"coor":[-13.89,16.33],"nextPoint":[27,29]},{"coor":[-20.49,16.38],"nextPoint":[28,30,40,44]},{"coor":[-20.52,17.65],"nextPoint":[29,31,37]},{"coor":[-20.56,19.42],"nextPoint":[32,36,30]},{"coor":[-20.6,21.39],"nextPoint":[33,35,31]},{"coor":[-20.68,24.77],"nextPoint":[34,32]},{"coor":[-17.52,24.78],"nextPoint":[33]},{"coor":[-17.51,21.43],"nextPoint":[32]},{"coor":[-17.57,19.24],"nextPoint":[31]},{"coor":[-23.21,17.71],"nextPoint":[30,38]},{"coor":[-23.3,22.4],"nextPoint":[37,39]},{"coor":[-26.43,22.27],"nextPoint":[38]},{"coor":[-26.81,15.94],"nextPoint":[29,41]},{"coor":[-26.75,7.25],"nextPoint":[40,42,44]},{"coor":[-26.71,-3.12],"nextPoint":[20,43,41]},{"coor":[-26.68,-6.41],"nextPoint":[42,16,19]},{"coor":[-20.5,7.17],"nextPoint":[29,20,25,41]},{"coor":[-10.09,13.55],"nextPoint":[27,46]},{"coor":[-5.98,13.56],"nextPoint":[47,45,97]},{"coor":[-6.03,15.62],"nextPoint":[48,117,46]},{"coor":[-10.85,15.53],"nextPoint":[47,49]},{"coor":[-10.87,18.27],"nextPoint":[50,48]},{"coor":[-10.9,21.78],"nextPoint":[51,52,49]},{"coor":[-15.68,21.73],"nextPoint":[50]},{"coor":[-6.18,21.81],"nextPoint":[53,50,54]},{"coor":[-5.98,27.26],"nextPoint":[52]},{"coor":[-0.34,21.88],"nextPoint":[52,55,116]},{"coor":[3.07,21.91],"nextPoint":[54,56,57]},{"coor":[2.91,26.86],"nextPoint":[55]},{"coor":[4.89,21.95],"nextPoint":[55,58,114]},{"coor":[7.23,21.96],"nextPoint":[59,57,62]},{"coor":[7.03,27.26],"nextPoint":[58,60]},{"coor":[12.62,27.26],"nextPoint":[59,61]},{"coor":[12.77,23.56],"nextPoint":[60]},{"coor":[10.23,21.99],"nextPoint":[63,58,112]},{"coor":[19.16,22.01],"nextPoint":[64,67,62]},{"coor":[19.29,16],"nextPoint":[63,65,94,98]},{"coor":[25.14,16.08],"nextPoint":[66,70,64]},{"coor":[25.11,22.03],"nextPoint":[67,65]},{"coor":[20.47,22.01],"nextPoint":[63,68,66]},{"coor":[20.42,26.41],"nextPoint":[67,69]},{"coor":[17.07,26.32],"nextPoint":[68]},{"coor":[25.22,5.56],"nextPoint":[71,65,74]},{"coor":[19.24,5.49],"nextPoint":[72,70,73,98]},{"coor":[14.37,5.38],"nextPoint":[71]},{"coor":[19.23,0.16],"nextPoint":[71,74,82]},{"coor":[25.27,0.23],"nextPoint":[75,70,73]},{"coor":[25.3,-5.46],"nextPoint":[76,81,74]},{"coor":[25.34,-14.3],"nextPoint":[77,80,75]},{"coor":[25.37,-19.57],"nextPoint":[76,78]},{"coor":[20.51,-19.44],"nextPoint":[77,79,111]},{"coor":[19.22,-19.42],"nextPoint":[80,78,99]},{"coor":[19.23,-14.03],"nextPoint":[79,76,81,86]},{"coor":[19.23,-5.43],"nextPoint":[80,75,82]},{"coor":[19.23,-3.08],"nextPoint":[81,73,83]},{"coor":[12.62,-3.15],"nextPoint":[84,89,82]},{"coor":[12.63,-5.64],"nextPoint":[85,83]},{"coor":[12.63,-11.06],"nextPoint":[86,84,87]},{"coor":[12.73,-14.01],"nextPoint":[80,85]},{"coor":[6.14,-11.06],"nextPoint":[85,88]},{"coor":[-1.58,-11.06],"nextPoint":[1,87]},{"coor":[12.61,0.45],"nextPoint":[90,83]},{"coor":[12.58,7.59],"nextPoint":[91,89,98]},{"coor":[12.56,13.7],"nextPoint":[92,90,96]},{"coor":[12.61,16.04],"nextPoint":[91,93,94]},{"coor":[12.71,19.27],"nextPoint":[92]},{"coor":[16.64,16.01],"nextPoint":[92,64,95]},{"coor":[16.56,19.32],"nextPoint":[94]},{"coor":[7.64,13.67],"nextPoint":[91,97]},{"coor":[0,13.62],"nextPoint":[46,96]},{"coor":[19.25,7.66],"nextPoint":[64,71,90]},{"coor":[17.04,-19.37],"nextPoint":[79,100,110]},{"coor":[13.75,-19.3],"nextPoint":[101,102,109,99]},{"coor":[13.88,-22.46],"nextPoint":[100]},{"coor":[10.9,-19.24],"nextPoint":[100,103,106]},{"coor":[10.67,-13.25],"nextPoint":[102,104]},{"coor":[5.95,-13.31],"nextPoint":[103,105]},{"coor":[6.24,-16.61],"nextPoint":[104]},{"coor":[5.46,-19.16],"nextPoint":[107,102]},{"coor":[5.55,-22.31],"nextPoint":[106,108]},{"coor":[9.21,-22.36],"nextPoint":[107]},{"coor":[13.8,-15.35],"nextPoint":[100]},{"coor":[17.15,-15.41],"nextPoint":[99]},{"coor":[20.46,-24.72],"nextPoint":[78]},{"coor":[10.28,18.68],"nextPoint":[62,113]},{"coor":[10.33,15.48],"nextPoint":[112]},{"coor":[5.05,18.58],"nextPoint":[57,115]},{"coor":[5.2,15.33],"nextPoint":[114]},{"coor":[-0.28,18.58],"nextPoint":[54,117]},{"coor":[-0.24,15.73],"nextPoint":[47,116]},{"coor":[-10.46,9.71],"nextPoint":[26]},{"coor":[-15.98,-6.76],"nextPoint":[19]},{"coor":[-14.08,-13.76],"nextPoint":[14,0]},{"coor":[-20.56,-18.39],"nextPoint":[122,126,13]},{"coor":[-20.55,-19.52],"nextPoint":[123,124,121]},{"coor":[-20.55,-24.96],"nextPoint":[122]},{"coor":[-26.42,-19.65],"nextPoint":[122,125]},{"coor":[-26.58,-16.06],"nextPoint":[124]},{"coor":[-17.19,-18.54],"nextPoint":[121]},{"coor":[-10.81,-20.18],"nextPoint":[128,9,11,7]},{"coor":[-10.76,-14.33],"nextPoint":[2,127]},{"coor":[-3.86,-23.64],"nextPoint":[5,130]},{"coor":[3.02,-23.69],"nextPoint":[129]},{"coor":[0.03,-18.12],"nextPoint":[5]},{"coor":[-0.73,-16.14],"nextPoint":[4,133]},{"coor":[-0.58,-13.45],"nextPoint":[132]}]